AlleleID,GeneSymbol,model,prompt_class,llm_class,confidence,acmg_rules,references,parse_error,time_s,notes
274247,ANO5,deepseek-chat,Pathogenic,Pathogenic,0.95,PVS1;PM2,"Bouquet et al., Neuromuscular Disorders, 2012;Hicks et al., Nature Genetics, 2011",,2.46,
18388,SRD5A2,deepseek-chat,Pathogenic,Uncertain significance,0.6,PM2;PP3,"Richards et al., Genet Med, 2015",,2.54,
611834,ANKRD11,deepseek-chat,Pathogenic,Pathogenic,0.99,PVS1;PM2;PVS1_Strong,"Sirmaci et al., Am J Hum Genet, 2011;Deciphering Developmental Disorders Study, Nature, 2017",,2.68,
18388,SRD5A2,kimi-k2.6,Pathogenic,Uncertain significance,0.3,PM2,"Richards S, Genet Med, 2015;Wilson JD, J Clin Invest, 1974;Canto P, Endocr Rev, 2001",,4.67,
266536,MYO15A,deepseek-chat,Pathogenic,Pathogenic,0.95,PVS1;PM2;PVS1_Strong,"Wang et al., J Med Genet, 1998;Friedman et al., Am J Hum Genet, 2000;Nishio & Usami, J Hum Genet, 2017",,2.49,
274247,ANO5,kimi-k2.6,Pathogenic,Pathogenic,0.9,PVS1;PM2,"Richards S, et al., Genet Med, 2015, PMID:25741868; Sarkozy A, et al., Am J Hum Genet, 2013, PMID:23332963",,5.34,
98777,ABCA4,deepseek-chat,Pathogenic,Uncertain significance,0.6,PM2;BS1,"Richards S, et al. Standards and guidelines for the interpretation of sequence variants. Genet Med. 2015;17(5):405-424.",,2.3,
98777,ABCA4,kimi-k2.6,Pathogenic,Pathogenic,0.85,PVS1_Strong;PM2,"Richards S, et al., Genet Med, 2015; den Dunnen JT, et al., Hum Mutat, 2016; Cremers FPM, et al., Prog Retin Eye Res, 1998",,4.55,
26966,IDUA,deepseek-chat,Pathogenic,Uncertain significance,0.6,PM2;PM1;PP3,"Richards et al., Genet Med, 2015",,2.15,
611834,ANKRD11,kimi-k2.6,Pathogenic,Pathogenic,0.95,PVS1;PM2;PP4,"Richards S, et al. Standards and guidelines for the interpretation of sequence variants. Genet Med. 2015;17(5):405-24;Sirmaci A, et al. ANKRD11 variants cause KBG syndrome. Am J Hum Genet. 2011;89(2):289-94;Ockeloen CW, et al. ANKRD11 loss-of-function variants are a major cause of KBG syndrome. Eur J Hum Genet. 2015;23(12):1707-10",,9.23,
266536,MYO15A,kimi-k2.6,Pathogenic,Pathogenic,0.85,PVS1;PM2,"ACMG Standards and Guidelines for the interpretation of sequence variants, Richards et al., Genet Med, 2015;MYO15A is a well-established gene for autosomal recessive deafness DFNB3, Li et al., Nat Genet, 1998; Libby & Steel, Nat Rev Genet, 2000",,7.12,
15186,OAT,deepseek-chat,Pathogenic,Pathogenic,0.95,PVS1;PM2;PVS1_Strong,"Mitchell GA, et al. Ornithine aminotransferase deficiency. In: GeneReviews, 2019.;Richards S, et al. Standards and guidelines for the interpretation of sequence variants. Genet Med, 2015.",,2.54,
531468,CTNS,deepseek-chat,Pathogenic,Uncertain significance,0.6,PM2;BS1,"Richards S, et al. Standards and guidelines for the interpretation of sequence variants. Genet Med. 2015;17(5):405-424.",,2.21,
26966,IDUA,kimi-k2.6,Pathogenic,Pathogenic,0.75,PM2;PP3;PP4,"Richards S, et al., Genet Med, 2015; ACMG/AMP sequence variant interpretation guidelines;Neufeld EF, Muenzer J, The Online Metabolic and Molecular Bases of Inherited Disease, 2001;Beck M, et al., Eur J Hum Genet, 2014",,6.54,
106635,RAB3GAP1,deepseek-chat,Pathogenic,Pathogenic,0.9,PVS1;PM2,"Aligianis IA, et al. Am J Hum Genet, 2005;77:815-826;Handley MT, et al. Hum Mol Genet, 2015;24:555-568",,2.62,
15186,OAT,kimi-k2.6,Pathogenic,Pathogenic,0.95,PVS1;PM2,"Richards S, et al., Standards and guidelines for the interpretation of sequence variants: a joint consensus recommendation of the American College of Medical Genetics and Genomics and the Association for Molecular Pathology. Genet Med. 2015;17(5):405-24;Michaud J, et al., Strand-specific RT-PCR identifies NMD-derived OAT mRNA and a novel mutation in a patient with gyrate atrophy. J Med Genet. 1995;32(10):769-73",,5.72,
531468,CTNS,kimi-k2.6,Pathogenic,Uncertain significance,0.3,PM2,"Richards S, et al., Genet Med, 2015;Towbin JA, et al., Genet Med, 2019",,6.6,
76810,CYP27A1,deepseek-chat,Pathogenic,Pathogenic,0.99,PVS1;PM2;PVS1_Strong,"Cali JJ, et al. Am J Hum Genet. 1991;49(6):1162-1173;Verrips A, et al. J Inherit Metab Dis. 2000;23(4):383-386",,2.7,
100236,DYSF,deepseek-chat,Pathogenic,Pathogenic,0.95,PVS1;PM2;PVS1_Strong,"Richards S, et al. Genet Med, 2015;Aoki M, et al. J Hum Genet, 2001",,2.36,
565687,CD27,deepseek-chat,Pathogenic,Pathogenic,0.95,PVS1;PM2;PVS1_Strength,"van Montfrans JM, et al. J Allergy Clin Immunol, 2012;Alkhater SA, et al. J Clin Immunol, 2015",,2.34,
76810,CYP27A1,kimi-k2.6,Pathogenic,Pathogenic,0.95,PVS1;PM2,"Richards S, Genet Med, 2015; ACMG Sequence Variant Interpretation Guidelines",,5.45,
100236,DYSF,kimi-k2.6,Pathogenic,Pathogenic,0.85,PVS1;PM2,"Richards S, et al., Genet Med, 2015; ACMG/AMP sequence variant interpretation guidelines;Nguyen K, et al., Hum Mutat, 2005; DYSF mutations in dysferlinopathy",,5.54,
565687,CD27,kimi-k2.6,Pathogenic,Pathogenic,0.85,PVS1;PM2,"Richards S, Genet Med, 2015;Karczewski KJ, Nature, 2020",,4.63,
21795,PKP2,deepseek-chat,Pathogenic,Pathogenic,0.85,PVS1;PM2;PVS1_Moderate,"Gerull B, et al. Nat Genet. 2004;36(11):1162-4;Groeneweg JA, et al. Heart Rhythm. 2015;12(4):e57-e65",,2.55,
17501,ADSL,deepseek-chat,Pathogenic,Uncertain significance,0.6,PM2;BS1,"Richards et al., Genet Med, 2015",,2.19,
21795,PKP2,kimi-k2.6,Pathogenic,Pathogenic,0.9,PVS1;PM2,"Richards S, Genet Med, 2015;Oates S, Hum Mutat, 2016;van Hengel J, Hum Mutat, 2013",,5.28,
106635,RAB3GAP1,kimi-k2.6,Pathogenic,Pathogenic,0.85,PVS1;PM2,"Richards S, et al., Standards and guidelines for the interpretation of sequence variants: a joint consensus recommendation of the American College of Medical Genetics and Genomics and the Association for Molecular Pathology. Genet Med. 2015;17(5):405-24.;Aligianis IA, et al., Mutations of the catalytic subunit of RAB3GAP cause Warburg Micro syndrome. Nat Genet. 2005;37(3):221-3.;Morris-Rosendahl DJ, et al., Microcephaly and neurodevelopment disorders: genetics and mechanisms. Dev Med Child Neurol. 2020;62(5):552-559.",,11.01,
622344,PROM1,deepseek-chat,Pathogenic,Pathogenic,0.95,PVS1;PM2;PVS1_Strong,"Maw MA, et al. Am J Hum Genet, 2000;Zhang Q, et al. Invest Ophthalmol Vis Sci, 2007",,2.36,
17501,ADSL,kimi-k2.6,Pathogenic,Pathogenic,0.75,PM2;PP2;PP3;PP4,"Richards S, Genet Med, 2015; van der Crabben SN, Am J Hum Genet, 2013 (ADSL deficiency)",,5.03,
21796,PKP2,deepseek-chat,Pathogenic,Pathogenic,0.85,PVS1;PM2;PP3,"Gerull B, et al. Nat Genet. 2004;36(11):1162-4;Groeneweg JA, et al. Circ Cardiovasc Genet. 2015;8(3):437-46",,2.5,
622344,PROM1,kimi-k2.6,Pathogenic,Pathogenic,0.95,PVS1;PM2,"Richards S, Genet Med, 2015; ACMG/AMP Sequence Variant Interpretation Guidelines",,4.28,
623815,ABCA4,deepseek-chat,Pathogenic,Uncertain significance,0.6,PM2;PP3;BS1,"Richards et al., Genet Med, 2015",,2.09,
259892,EXT1,deepseek-chat,Pathogenic,Uncertain significance,0.6,PM2,"Richards et al., Genet Med, 2015",,1.98,
623815,ABCA4,kimi-k2.6,Pathogenic,Pathogenic,0.75,PM2;PP3;PP4,"Richards S, Genet Med, 2015; Allikmets R, Am J Hum Genet, 1997; Cremers FPM, Hum Mutat, 1998",,5.35,
260266,ARSA,deepseek-chat,Pathogenic,Pathogenic,0.99,PVS1;PM2;PVS1_Strong,"Gieselmann V, et al. Hum Mutat, 1994;Luzi P, et al. Hum Mutat, 1995",,2.34,
105196,ABCA4,deepseek-chat,Pathogenic,Pathogenic,0.9,PVS1;PM2,"Allikmets et al., Nature Genetics, 1997;Zernant et al., Human Mutation, 2014",,1.97,
260266,ARSA,kimi-k2.6,Pathogenic,Pathogenic,0.95,PVS1;PM2,"Richards S, Richards S, Aziz N, et al. Standards and guidelines for the interpretation of sequence variants: a joint consensus recommendation of the American College of Medical Genetics and Genomics and the Association for Molecular Pathology. Genet Med. 2015;17(5):405-424.",,6.57,
106534,COASY,deepseek-chat,Pathogenic,Uncertain significance,0.6,PM2;BP4,"Richards et al., Genet Med, 2015",,2.05,
21796,PKP2,kimi-k2.6,Pathogenic,Pathogenic,0.9,PVS1;PM2,"Richards S, et al., Standards and guidelines for the interpretation of sequence variants: a joint consensus recommendation of the American College of Medical Genetics and Genomics and the Association for Molecular Pathology. Genet Med. 2015;17(5):405-24.;Kapplinger JD, et al., Distinguishing arrhythmogenic right ventricular cardiomyopathy/dysplasia and cardiac sarcoidosis: value of endomyocardial biopsy and electroanatomic mapping. Circ Arrhythm Electrophysiol. 2011;4(5):636-47.",,10.66,
105196,ABCA4,kimi-k2.6,Pathogenic,Pathogenic,0.85,PVS1;PM2,"Richards S, et al., Gen Med, 2015; ACMG Sequence Variant Interpretation Guidelines;den Dunnen JT, et al., Hum Mutat, 2016; HGVS recommendations;Stenson PD, et al., Hum Mutat, 2020; Human Gene Mutation Database",,6.37,
194271,GALC,deepseek-chat,Pathogenic,Pathogenic,0.95,PVS1;PM2;PVS1_Strength,"Richards S, et al. Genet Med. 2015;17(5):405-424",,2.06,
918140,FANCL,deepseek-chat,Pathogenic,Uncertain significance,0.6,PM2;BP4,"Richards S, et al. Genet Med. 2015;17(5):405-424",,2.41,
106534,COASY,kimi-k2.6,Pathogenic,Uncertain significance,0.3,PM2,"Richards S, Aziz N, Bale S, et al. Standards and guidelines for the interpretation of sequence variants: a joint consensus recommendation of the American College of Medical Genetics and Genomics and the Association for Molecular Pathology. Genet Med. 2015;17(5):405-424.",,7.83,
194271,GALC,kimi-k2.6,Pathogenic,Pathogenic,0.95,PVS1;PM2,"Richards S, et al., Genet Med, 2015; Wenger DA, et al., Mol Genet Metab, 2000",,5.52,
918140,FANCL,kimi-k2.6,Pathogenic,Uncertain significance,0.3,BP4;PP2,"Richards S, et al., Genet Med, 2015, PMID: 25741868",,5.19,
46005,BRCA1,deepseek-chat,Pathogenic,Uncertain significance,0.6,PM2,"Richards S, et al. Standards and guidelines for the interpretation of sequence variants. Genet Med. 2015;17(5):405-424.",,2.59,
259892,EXT1,kimi-k2.6,Pathogenic,Pathogenic,0.75,PM2;PP2;PP3,"Wuyts W, Van Hul W, Wauters J, et al. Mutations in the EXT1 and EXT2 genes in hereditary multiple exostoses. Am J Hum Genet. 1998;62(3):736-744.;Pedrini E, De Luca A, Pagnotta P, et al. EXT1 and EXT2 mutations and clinical characterization in Italian patients with multiple exostoses. Int J Med Sci. 2011;8(5):399-406.;Richards S, Aziz N, Bale S, et al. Standards and guidelines for the interpretation of sequence variants: a joint consensus recommendation of the American College of Medical Genetics and Genomics and the Association for Molecular Pathology. Genet Med. 2015;17(5):405-424.",,14.56,
46005,BRCA1,kimi-k2.6,Pathogenic,Uncertain significance,0.3,PM2,"Richards S, Genet Med, 2015;Tavtigian SV, Hum Mutat, 2018",,5.51,
29022,AKT1,deepseek-chat,Pathogenic,Pathogenic,0.95,PS1;PM2;PM5;PP3;PP5,"Lindhurst et al., Nature Genetics, 2011;Cohen et al., American Journal of Medical Genetics, 2014;Paria et al., Human Mutation, 2018",,2.75,
1925577,COL7A1,deepseek-chat,Pathogenic,Uncertain significance,0.6,PM2;PP3,"Dang N, Murrell DF. Mutation analysis and characterization of COL7A1 mutations in dystrophic epidermolysis bullosa. Exp Dermatol. 2008;17(7):553-568.",,2.65,
441915,SLC12A3,deepseek-chat,Pathogenic,Uncertain significance,0.6,PM2;BS1,"Richards et al., Genet Med, 2015",,2.06,
30477,HBB,deepseek-chat,Pathogenic,Pathogenic,0.99,PVS1;PM2,"Thein SL, Hum Mol Genet, 1998;Orkin SH, N Engl J Med, 1987",,2.36,
29022,AKT1,kimi-k2.6,Pathogenic,Pathogenic,0.95,PS2;PS4;PM1;PM2;PM6;PP2;PP3;PP4,"Lindhurst MJ et al., N Engl J Med, 2011; Carpten JD et al., Nature, 2007; Bleeker FE et al., Cancer Res, 2008",,7.97,
1925577,COL7A1,kimi-k2.6,Pathogenic,Uncertain significance,0.3,PM2,"Richards S, et al. Standards and guidelines for the interpretation of sequence variants: a joint consensus recommendation of the American College of Medical Genetics and Genomics and the Association for Molecular Pathology. Genet Med. 2015;17(5):405-424.",,6.18,
1059653,CLRN1,deepseek-chat,Pathogenic,Pathogenic,0.95,PVS1;PM2,"Joensuu et al., Am J Hum Genet, 2001;Khan et al., Hum Mutat, 2007",,2.22,
441915,SLC12A3,kimi-k2.6,Pathogenic,Pathogenic,0.85,PM2;PP3;PP4,"Gitelman HJ, Graham JB, Welt LG, 1966, Am J Med; Simon DB, Nelson-Williams C, Bia MJ, et al., 1996, Nat Genet; Blanchard A, Bockenhauer D, Bolignano D, et al., 2017, Nephrol Dial Transplant; Richards S, Aziz N, Bale S, et al. (ACMG), 2015, Genet Med",,7.79,
1059653,CLRN1,kimi-k2.6,Pathogenic,Pathogenic,0.95,PVS1;PM2,"Richards S, et al., Genet Med, 2015;Bademci G, et al., Am J Hum Genet, 2014",,4.78,
30477,HBB,kimi-k2.6,Pathogenic,Pathogenic,0.99,PVS1;PM2,"Kountouris P, et al. Hum Mutat. 2014;35(10):1183-1189;Thein SL. Nat Rev Genet. 2013;14(9):677-693;ACMG Standards and Guidelines for the Interpretation of Sequence Variants. Genet Med. 2015;17(5):405-424",,6.74,
495459,COL7A1,deepseek-chat,Pathogenic,Pathogenic,0.99,PVS1;PM2;PVS1_Strong,"Dang N, Murrell DF. Mutation analysis and characterization of COL7A1 mutations in dystrophic epidermolysis bullosa. Exp Dermatol. 2008;17(7):553-568.;Richards S, et al. Standards and guidelines for the interpretation of sequence variants. Genet Med. 2015;17(5):405-424.",,2.73,
214324,CEP290,deepseek-chat,Pathogenic,Pathogenic,0.99,PVS1;PM2;PVS1_Strong,"den Hollander et al., Am J Hum Genet, 2006;Coppieters et al., Hum Mutat, 2010",,2.32,
18878,IRAK4,deepseek-chat,Pathogenic,Pathogenic,0.95,PVS1;PM2;PVS1_Strong,"Picard et al., Science, 2003;Ku et al., J Exp Med, 2007",,2.19,
495459,COL7A1,kimi-k2.6,Pathogenic,Pathogenic,0.99,PVS1;PS4;PM2,"Ellingford JM et al., Genet Med, 2020; Richards S et al., Genet Med, 2015",,5.91,
431705,EYS,deepseek-chat,Pathogenic,Pathogenic,0.95,PVS1;PM2,"Abd El-Aziz MM, et al. Hum Mutat, 2010;Audo I, et al. Invest Ophthalmol Vis Sci, 2010",,2.16,
214324,CEP290,kimi-k2.6,Pathogenic,Pathogenic,0.95,PVS1;PM2,"Richards S, et al., Genet Med, 2015; den Dunnen JT, et al., Hum Mutat, 2016",,5.96,
187009,GAA,deepseek-chat,Pathogenic,Uncertain significance,0.6,PM2;BS1,"Richards S, et al. Standards and guidelines for the interpretation of sequence variants. Genet Med. 2015;17(5):405-424.",,2.16,
431705,EYS,kimi-k2.6,Pathogenic,Pathogenic,0.85,PVS1;PM2,"Richards S, et al. Standards and guidelines for the interpretation of sequence variants. Genet Med. 2015;17(5):405-24;Ellingford JM, et al. Recommendations for clinical interpretation of variants found in non-coding regions of the genome. Genet Med. 2022;24(6):1287-1296",,6.33,
18878,IRAK4,kimi-k2.6,Pathogenic,Pathogenic,0.95,PVS1;PM2,"Richards S, et al., Standards and guidelines for the interpretation of sequence variants: a joint consensus recommendation of the American College of Medical Genetics and Genomics and the Association for Molecular Pathology. Genet Med. 2015;17(5):405-24;Picard C, et al., Clinical features and diagnosis of interleukin-1 receptor-associated kinase 4 deficiency (IRAK-4). Front Immunol. 2019;10:411",,7.25,
99911,DBT,deepseek-chat,Pathogenic,Pathogenic,0.95,PVS1;PM2;PVS1_Strong,"Chuang et al., Human Mutation, 2004;Nellis et al., American Journal of Human Genetics, 1992",,2.51,
99911,DBT,kimi-k2.6,Pathogenic,Pathogenic,0.95,PVS1;PM2;PP4,"Richards S, Genet Med, 2015;Chuang JL, J Clin Invest, 1994;Fitzpatrick TA, Mol Genet Metab, 2012",,4.37,
575108,PIGT,deepseek-chat,Pathogenic,Pathogenic,0.9,PVS1;PM2,"Kvarnung et al., Am J Hum Genet, 2013;Lam et al., Am J Hum Genet, 2015",,2.62,
620664,CYP24A1,deepseek-chat,Pathogenic,Uncertain significance,0.6,PM2;PM1;PP3,"Richards et al., Genet Med, 2015",,2.22,
575108,PIGT,kimi-k2.6,Pathogenic,Pathogenic,0.85,PVS1;PM2,"Richards S, et al., Genet Med, 2015, PMID: 25741868; Abouelhoda M, et al., Hum Genet, 2016",,4.33,
200653,HOGA1,deepseek-chat,Pathogenic,Pathogenic,0.95,PVS1;PM2;PVS1_Strong,"Monico CG, et al. Am J Hum Genet, 2011;Belostotsky R, et al. Am J Hum Genet, 2010",,2.53,
638388,VPS13A,deepseek-chat,Pathogenic,Pathogenic,0.95,PVS1;PM2;PVS1_Strong,"Ueno S, et al. J Hum Genet, 2001;Rampoldi L, et al. Am J Hum Genet, 2001",,2.66,
200653,HOGA1,kimi-k2.6,Pathogenic,Pathogenic,0.95,PVS1;PM2,"Richards S, Genet Med, 2015;Wang Q, Hum Mutat, 2019",,4.66,
620664,CYP24A1,kimi-k2.6,Pathogenic,Pathogenic,0.75,PM2;PP3;PP4,"Kaufmann M et al., J Clin Endocrinol Metab, 2011; Strobel A et al., J Clin Endocrinol Metab, 2016; Richards S et al., Genet Med, 2015 (ACMG guidelines)",,7.05,
187009,GAA,kimi-k2.6,Pathogenic,Pathogenic,0.75,PS3;PM2;PP3,"Kroos MA, Pomponio RJ, van Vliet L, et al. Glycogen storage disease type I: frequency and identity of alpha-1,4-glucan branching enzyme mutations in non-Jewish patients. Eur J Hum Genet. 1999;7(3):210-214.;Montalvo AL, Bembi B, Donnarumga M, et al. Mutation profile of the GAA gene in Italian patients with glycogen storage disease type II. Hum Mutat. 2006;27(4):399-400.;Winchester B, Bali D, Bodamer OA, et al. Identification of a genotype-phenotype correlation in the natural history of Pompe disease. Am J Med Genet A. 2008;146A(12):1579-1581.",,12.45,
259927,KCNV2,kimi-k2.6,Pathogenic,Pathogenic,0.95,PVS1;PM2,"Richards S, et al., Genet Med, 2015; ACMG/AMP sequence variant interpretation guidelines",,3.06,
259927,KCNV2,deepseek-chat,Pathogenic,Pathogenic,0.95,PVS1;PM2;PVS1_Strong,"Wu H, et al. Invest Ophthalmol Vis Sci. 2006;47(8):3562-3568;Wissinger B, et al. Am J Hum Genet. 2011;89(1):25-38",,2.96,
19367,GBA1,deepseek-chat,Pathogenic,Uncertain significance,0.6,PM2;PP3;PP4,"Pastores GM, et al., J Inherit Metab Dis, 2007;Hruska KS, et al., Hum Mutat, 2008",,2.67,
622215,EPHB2,deepseek-chat,Pathogenic,Uncertain significance,0.6,PM2;PP3,"Richards et al., Genet Med, 2015",,2.04,
18006,NPC1,deepseek-chat,Pathogenic,Uncertain significance,0.6,PM2;BS1,"Richards S, et al. Standards and guidelines for the interpretation of sequence variants. Genet Med. 2015;17(5):405-424.",,2.16,
638388,VPS13A,kimi-k2.6,Pathogenic,Pathogenic,0.95,PVS1;PM2,"ACMG Standards and Guidelines for the Interpretation of Sequence Variants, Richards et al., Genet Med, 2015;VPS13A gene and chorea-acanthocytosis, Rampoldi et al., Nat Genet, 2001;The VPS13A-related disorders, OMIM #200150",,10.16,
19367,GBA1,kimi-k2.6,Pathogenic,Pathogenic,0.85,PM1;PM2;PP3;PP4,"Grabowski GA, et al., Lancet, 2008;Hruska KS, et al., Genet Med, 2008;Zampieri S, et al., Hum Mutat, 2011;ACMG Standards and Guidelines for the interpretation of sequence variants, 2015",,6.69,
622215,EPHB2,kimi-k2.6,Pathogenic,Uncertain significance,0.3,PM2,"Richards S, et al., Standards and guidelines for the interpretation of sequence variants: a joint consensus recommendation of the American College of Medical Genetics and Genomics and the Association for Molecular Pathology., Genet Med, 2015",,5.84,
511434,ATP6V1B1,deepseek-chat,Pathogenic,Pathogenic,0.99,PVS1;PM2;PVS1_Strong,"Karet FE et al., Nat Genet, 1999;Stover EH et al., J Am Soc Nephrol, 2002",,2.63,
511434,ATP6V1B1,kimi-k2.6,Pathogenic,Pathogenic,0.95,PVS1;PM2;PP4,"Karet FE, Nat Genet, 1999;Stover EH, J Am Soc Nephrol, 2002;Sue CM, Am J Hum Genet, 2000",,5.03,
916813,ALPL,deepseek-chat,Pathogenic,Pathogenic,0.99,PVS1;PM2;PP5,"Weiss MJ, et al. J Biol Chem. 1988;263(8):4152-4158;Mornet E. Hum Mutat. 2000;15(4):309-315;Fauvert D, et al. Hum Mutat. 2009;30(6):921-927",,2.7,
39959,CTC1,deepseek-chat,Pathogenic,Uncertain significance,0.6,PM2;BS1,"Richards S, et al. Standards and guidelines for the interpretation of sequence variants. Genet Med. 2015;17(5):405-424.",,2.28,
916813,ALPL,kimi-k2.6,Pathogenic,Pathogenic,0.95,PVS1;PM2,"Richards S, Genet Med, 2015; Mornet E, Hum Mutat, 2007",,4.56,
39959,CTC1,kimi-k2.6,Pathogenic,Uncertain significance,0.3,PM2,"Richards S, et al., Genet Med, 2015; ACMG/AMP Sequence Variant Interpretation Guidelines",,4.0,
441908,SLC12A3,deepseek-chat,Pathogenic,Pathogenic,0.95,PVS1;PM2;PP3,"Richards S, et al. Standards and guidelines for the interpretation of sequence variants. Genet Med. 2015;17(5):405-424.",,2.48,
441908,SLC12A3,kimi-k2.6,Pathogenic,Pathogenic,0.95,PVS1;PM2,"Richards S, et al., Genet Med, 2015;Simon DB, et al., Nat Genet, 1996",,4.01,
3226470,FILIP1,deepseek-chat,Pathogenic,Uncertain significance,0.6,PVS1;PM2,"Richards S, et al. Standards and guidelines for the interpretation of sequence variants. Genet Med. 2015;17(5):405-424.",,2.26,
18006,NPC1,kimi-k2.6,Pathogenic,Pathogenic,0.85,PM1;PM2;PP2;PP3;PP4,"Millat G, Claudepierre T, Roux C, et al. Characterization of new mutations in the heptad repeat domain of NPC1 gene that cause Niemann-Pick C disease. J Med Genet. 2001;38(3):199-201.;Park WD, O'Brien JF, Lundquist PA, et al. Identification of 58 novel mutations in Niemann-Pick disease type C: correlation with biochemical phenotype and importance of PTC1 in diagnosis. Hum Mutat. 2003;22(4):313-325.;Richards S, Aziz N, Bale S, et al. Standards and guidelines for the interpretation of sequence variants: a joint consensus recommendation of the American College of Medical Genetics and Genomics and the Association for Molecular Pathology. Genet Med. 2015;17(5):405-424.",,11.48,
15504,ALDOB,deepseek-chat,Pathogenic,Uncertain significance,0.6,PM2;PP3,"Richards et al., Genet Med, 2015",,2.01,
3226470,FILIP1,kimi-k2.6,Pathogenic,Pathogenic,0.85,PVS1;PM2,"Richards S, et al., Genet Med, 2015; ACMG/AMP Sequence Variant Interpretation Guidelines",,3.47,
586375,ABCB11,deepseek-chat,Pathogenic,Uncertain significance,0.6,PM2;PP3,"Richards S, et al. Genet Med, 2015",,1.95,
76773,CYP27A1,deepseek-chat,Pathogenic,Uncertain significance,0.6,PM2;BS1,"Richards S, et al. Standards and guidelines for the interpretation of sequence variants. Genet Med. 2015;17(5):405-424.",,1.98,
15504,ALDOB,kimi-k2.6,Pathogenic,Pathogenic,0.75,PM2;PP3;PP4,"Richards S, et al., Genet Med, 2015; Buzby GP, et al., Mol Genet Metab, 2019; Esposito G, et al., Eur J Hum Genet, 2004",,4.69,
444192,SLC25A13,deepseek-chat,Pathogenic,Pathogenic,0.99,PVS1;PM2;PVS1_Strong,"Kobayashi K, et al. Nat Genet. 1999;22(2):159-163.;Tabata A, et al. J Hum Genet. 1998;43(3):169-175.",,2.36,
586375,ABCB11,kimi-k2.6,Pathogenic,Uncertain significance,0.3,PM2,"Richards S, Aziz N, Bale S, et al. Standards and guidelines for the interpretation of sequence variants: a joint consensus recommendation of the American College of Medical Genetics and Genomics and the Association for Molecular Pathology. Genet Med. 2015;17(5):405-424.",,5.46,
496803,C6,deepseek-chat,Pathogenic,Pathogenic,0.95,PVS1;PM2;PVS1_Strong,"Richards S, et al. Standards and guidelines for the interpretation of sequence variants. Genet Med. 2015;17(5):405-424.",,2.36,
444192,SLC25A13,kimi-k2.6,Pathogenic,Pathogenic,0.95,PVS1;PS2;PM2,"Kobayashi K, et al. Nat Genet. 1999; SLC25A13 gene. OMIM #603859; ACMG/AMP Guidelines. Genet Med. 2015; Richards S, et al. Genet Med. 2015",,4.65,
496803,C6,kimi-k2.6,Pathogenic,Pathogenic,0.85,PVS1;PM2,"Richards S, Genet Med, 2015; ACMG/AMP sequence variant interpretation guidelines",,3.88,
26969,MVK,deepseek-chat,Pathogenic,Uncertain significance,0.6,PM2;PP3,"Richards et al., Genet Med, 2015",,2.14,
264486,SURF1,deepseek-chat,Pathogenic,Pathogenic,0.99,PVS1;PM2;PVS1_Strong,"Zhu et al., Am J Hum Genet, 1998;Tiranti et al., Hum Mol Genet, 1998",,2.26,
26969,MVK,kimi-k2.6,Pathogenic,Uncertain significance,0.3,PM2,"Richards S, et al., Genet Med, 2015",,3.49,
76773,CYP27A1,kimi-k2.6,Pathogenic,Pathogenic,0.75,PM2;PP3;PP4,"Berginer VM, Salen G, Williams DH, et al. Cerebrotendinous xanthomatosis: a rare disease with diverse manifestations. Arch Neurol. 2005;62(6):970-974;Cali JJ, Russell DW. Characterization of human sterol 27-hydroxylase: a mitochondrial cytochrome P-450 that catalyzes multiple oxidation reaction in bile acid biosynthesis. J Biol Chem. 1991;266(3):1864-1868;Amorim L, Rodrigues E, Teixeira S, et al. CYP27A1 and CYP7B1 mutations in Portuguese patients with cerebrotendinous xanthomatosis. J Inherit Metab Dis. 2007;30(5):729",,9.29,
79575,RAG1,deepseek-chat,Pathogenic,Uncertain significance,0.6,PM2;PP3;PP4,"Notarangelo LD, et al. J Allergy Clin Immunol, 2016;Villa A, et al. Blood, 2001",,2.5,
359556,SPINK5,deepseek-chat,Pathogenic,Pathogenic,0.95,PVS1;PM2,"Chavanas S, et al. Nat Genet. 2000;25(2):141-2.;Komatsu N, et al. J Invest Dermatol. 2008;128(7):1628-40.",,2.29,
105659,BEST1,deepseek-chat,Pathogenic,Uncertain significance,0.6,PM2;PP3;BP4,"Richards S, et al. Genet Med, 2015",,2.04,
264486,SURF1,kimi-k2.6,Pathogenic,Pathogenic,0.95,PVS1;PM2;PP4,"Rahman S, Ann Med, 1996; SURF1 and Leigh syndrome;Tiranti V, Hum Mol Genet, 1998; Mutations of SURF1 in Leigh syndrome;ACMG Standards and Guidelines for the interpretation of sequence variants, Richards S, et al. Genet Med, 2015",,7.56,
359556,SPINK5,kimi-k2.6,Pathogenic,Pathogenic,0.85,PVS1;PM2,"Richards S, et al., Genet Med, 2015, PMID:25741868",,5.57,
105659,BEST1,kimi-k2.6,Pathogenic,Uncertain significance,0.3,PM2,"Richards S, et al. Standards and guidelines for the interpretation of sequence variants. Genet Med. 2015;17(5):405-24",,3.85,
79575,RAG1,kimi-k2.6,Pathogenic,Pathogenic,0.75,PM2;PP2;PP3;PP4,"Schwarz et al., Blood, 1996; Villa et al., Cell, 1998; Notarangelo et al., J Allergy Clin Immunol, 2000; ACMG/AMP Standards and Guidelines, Genet Med, 2015",,7.08,
1968191,ABCC2,kimi-k2.6,Pathogenic,Pathogenic,0.95,PVS1;PM2,"Richards S, Genet Med, 2015; ABCC2 is associated with Dubin-Johnson syndrome (OMIM 237500)",,3.59,
1968191,ABCC2,deepseek-chat,Pathogenic,Pathogenic,0.99,PVS1;PM2;PVS1_Strong,"Pasmant E, et al. Hum Mutat, 2012;Nies AT, et al. J Biol Chem, 1998",,2.3,
21834,DHCR7,deepseek-chat,Pathogenic,Uncertain significance,0.6,PM2;BS1,"Richards et al., Standards and guidelines for the interpretation of sequence variants, Genetics in Medicine, 2015",,2.01,
23681,GHR,deepseek-chat,Pathogenic,Pathogenic,0.95,PVS1;PM2,"Amselem et al., N Engl J Med, 1989;Rosenbloom et al., Endocr Rev, 1999",,2.31,
23647,MYBPC3,deepseek-chat,Pathogenic,Uncertain significance,0.6,PM2;PP3,"Richards et al., Genet Med, 2015",,2.28,
23681,GHR,kimi-k2.6,Pathogenic,Pathogenic,0.85,PVS1;PM2,"Richards S, Genet Med, 2015; ACMG/AMP sequence variant interpretation guidelines",,4.91,
801667,ASS1,deepseek-chat,Pathogenic,Uncertain significance,0.6,PM2;PP3,"Richards et al., Genet Med, 2015",,2.24,
23647,MYBPC3,kimi-k2.6,Pathogenic,Uncertain significance,0.3,PM2,"Richards S, et al., Genet Med, 2015;ExAC Consortium, Nature, 2016",,4.2,
214207,CPLANE1,deepseek-chat,Pathogenic,Pathogenic,0.95,PVS1;PM2;PVS1_Strong,"Martin et al., Am J Hum Genet, 2013;Bonnard et al., Am J Hum Genet, 2018",,2.3,
212296,CCDC39,deepseek-chat,Pathogenic,Pathogenic,0.95,PVS1;PM2;PVS1_Strong,"Antony D, et al. Hum Mutat, 2013;Becker-Heck A, et al. Nat Genet, 2011",,2.31,
21834,DHCR7,kimi-k2.6,Pathogenic,Pathogenic,0.75,PM2;PS3;PP3,"Fitzky BU, 1998, Am J Hum Genet; Yu H, 2014, J Inherit Metab Dis; Moebius FF, 1999, Eur J Hum Genet",,8.77,
361787,MECR,deepseek-chat,Pathogenic,Uncertain significance,0.6,PM2;PP3,"Richards et al., Genet Med, 2015",,2.12,
361787,MECR,kimi-k2.6,Pathogenic,Uncertain significance,0.3,PM2,"Richards S, et al., Genet Med, 2015",,2.75,
214207,CPLANE1,kimi-k2.6,Pathogenic,Pathogenic,0.95,PVS1;PM2,"Richards S, Richards S, et al., Standards and guidelines for the interpretation of sequence variants: a joint consensus recommendation of the American College of Medical Genetics and Genomics and the Association for Molecular Pathology. Genet Med. 2015;17(5):405-24;CPLANE1 (previously C5orf42) is associated with Joubert syndrome and oral-facial-digital syndrome type VI; null variants are established pathogenic mechanism",,8.24,
212296,CCDC39,kimi-k2.6,Pathogenic,Pathogenic,0.85,PVS1;PM2,"Richards S, et al., Genet Med, 2017; Oud MM, et al., Am J Hum Genet, 2012",,6.8,
18005,NPC1,deepseek-chat,Pathogenic,Uncertain significance,0.6,PM2;BS1,"Richards S, et al. Standards and guidelines for the interpretation of sequence variants. Genet Med. 2015;17(5):405-424.",,2.41,
18005,NPC1,kimi-k2.6,Pathogenic,Uncertain significance,0.3,PM2,"Richards S, Aziz N, Bale S, et al. Standards and guidelines for the interpretation of sequence variants: a joint consensus recommendation of the American College of Medical Genetics and Genomics and the Association for Molecular Pathology. Genet Med. 2015;17(5):405-424.",,4.49,
186247,NF1,deepseek-chat,Pathogenic,Pathogenic,0.99,PVS1;PM2;PVS1_Strong,"Messiaen LM, et al., Am J Hum Genet, 1999;Friedman JM, et al., GeneReviews, 1999",,2.28,
2156715,ASPM,deepseek-chat,Pathogenic,Pathogenic,0.95,PVS1;PM2;PVS1_Strong,"Bond J, et al. Nat Genet. 2002;32(2):316-320;Nicholas AK, et al. J Med Genet. 2009;46(4):249-253",,2.62,
1054199,ALDOB,deepseek-chat,Pathogenic,Uncertain significance,0.6,PM2;PP3,"Richards S, et al. Genet Med. 2015;17(5):405-424",,2.22,
801667,ASS1,kimi-k2.6,Pathogenic,Pathogenic,0.75,PM2;PP2;PP3;PP5,"Diez-Fernandez C, et al., Hum Mutat, 2016; Häberle J, et al., Hum Mutat, 2012",,13.82,
1054199,ALDOB,kimi-k2.6,Pathogenic,Pathogenic,0.75,PM2;PP3;PP4,"Richards S, et al., Genet Med, 2015; ACGS, 2020",,3.72,
18938,HEXA,deepseek-chat,Pathogenic,Uncertain significance,0.6,PM2;PP3,"Richards et al., Genet Med, 2015",,2.02,
186247,NF1,kimi-k2.6,Pathogenic,Pathogenic,0.99,PVS1;PS2;PM2,"ACMG Standards and Guidelines for the Interpretation of Sequence Variants, Richards et al., Genet Med, 2015;Neurofibromatosis type 1: a review of the clinical features and diagnostic criteria, Friedman JM, 1999;NF1 gene and neurofibromatosis type 1: a review of the genotype-phenotype correlations, Rasmussen SA, Friedman JM, 2000",,9.48,
424406,SGPL1,deepseek-chat,Pathogenic,Uncertain significance,0.2,PM2,"Richards et al., Genet Med, 2015",,1.86,
424406,SGPL1,kimi-k2.6,Pathogenic,Uncertain significance,0.3,PM2,"Richards S, et al., Genet Med, 2015, PMID: 25741868",,3.73,
200154,ASL,deepseek-chat,Pathogenic,Pathogenic,0.99,PVS1;PM2;PVS1_Strong,"Erez A, et al. Hum Mutat, 2011;Linnebank M, et al. Hum Mutat, 2002",,2.47,
18938,HEXA,kimi-k2.6,Pathogenic,Pathogenic,0.75,PM2;PP3;PP4,"Whitley et al., Hum Mutat, 2015; Montalvo et al., Genet Med, 2018",,7.22,
425758,GCK,deepseek-chat,Pathogenic,Uncertain significance,0.6,PM2;PP3;PP4,"Richards S, et al. Genet Med. 2015;17(5):405-424",,2.27,
2156715,ASPM,kimi-k2.6,Pathogenic,Pathogenic,0.95,PVS1;PM2,"Richards S, et al. Standards and guidelines for the interpretation of sequence variants: a joint consensus recommendation of the American College of Medical Genetics and Genomics and the Association for Molecular Pathology. Genet Med. 2015;17(5):405-24.;Bond J, et al. ASPM is a major determinant of cerebral cortical size. Nat Genet. 2002;32(2):316-20.;Woods CG, et al. Microcephaly with normal intellect, simple atrophy, and slow motor neuron disease without mutation in ASPM, MCPH1, and CDK5RAP2. Neurology. 2004;63(8):1501-3.",,11.07,
200154,ASL,kimi-k2.6,Pathogenic,Pathogenic,0.95,PVS1;PM2;PP4,"Lee et al., Am J Hum Genet, 1994; Linnebank et al., Hum Mutat, 2002; Nagamani et al., Genet Med, 2019",,5.81,
214327,CEP290,deepseek-chat,Pathogenic,Pathogenic,0.99,PVS1;PM2;PVS1_Strong,"den Hollander et al., Am J Hum Genet, 2006;Coppieters et al., Hum Mutat, 2010",,2.19,
623884,NR2E3,deepseek-chat,Pathogenic,Pathogenic,0.95,PVS1;PM2;PVS1_Strong,"Haider et al., Nature Genetics, 2000;Bernal et al., Journal of Medical Genetics, 2008",,2.36,
425758,GCK,kimi-k2.6,Pathogenic,Pathogenic,0.75,PS4;PM2;PP3;PP4,"Gidh-Jain M, et al., Nat Genet, 1993; Hattersley AT, et al., Diabetologia, 1998; Pearson ER, et al., Diabetes, 2001; Richards S, et al., Nat Genet, 2015 (ACMG guidelines)",,6.66,
28541,POLG,deepseek-chat,Pathogenic,Uncertain significance,0.6,PM2;PP3;BS1,"Stumpf et al., Hum Mol Genet, 2006;Rahman & Copeland, Nat Rev Genet, 2019",,2.57,
214327,CEP290,kimi-k2.6,Pathogenic,Pathogenic,0.99,PVS1;PM2,"Travaglini L, et al., Genet Med, 2019; The CEP290 gene is associated with Joubert syndrome and Leber congenital amaurosis; ACMG/AMP sequence variant interpretation guidelines, Richards S, et al., Genet Med, 2015",,6.08,
71221,POMGNT1,deepseek-chat,Pathogenic,Pathogenic,0.9,PVS1;PM2,"Richards S, et al. Standards and guidelines for the interpretation of sequence variants. Genet Med. 2015;17(5):405-424.",,2.37,
28541,POLG,kimi-k2.6,Pathogenic,Pathogenic,0.75,PS1;PM2;PP3,"Wong LJ, et al., Neurology, 2008; Horvath R, et al., Brain, 2006; Hudson G, et al., Brain, 2005",,5.11,
623884,NR2E3,kimi-k2.6,Pathogenic,Pathogenic,0.95,PVS1;PM2,"ACMG Standards and Guidelines for the interpretation of sequence variants, Richards et al., Genet Med, 2015;Sharon et al., Am J Hum Genet, 2003 (NR2E3 and enhanced S-cone syndrome);Wright et al., Am J Hum Genet, 2004 (NR2E3 frameshift variants in retinal degeneration)",,6.49,
71221,POMGNT1,kimi-k2.6,Pathogenic,Pathogenic,0.85,PVS1;PM2,"Richards S, et al., Genet Med, 2015; ACMG/AMP sequence variant interpretation guidelines",,4.34,
46845,BTD,deepseek-chat,Pathogenic,Uncertain significance,0.6,PM2;BS1,"Richards S, et al. Genet Med. 2015;17(5):405-424",,1.85,
406756,ERCC8;NDUFAF2,deepseek-chat,Pathogenic,Pathogenic,0.95,PVS1;PM2;PVS1_Strength,"Hoefs SJ, et al. Am J Hum Genet, 2009;Gerards M, et al. Hum Mutat, 2010",,2.55,
137978,FANCA,deepseek-chat,Pathogenic,Pathogenic,0.99,PVS1;PM2;PVS1_Strength,"Richards et al., Genet Med, 2015",,2.08,
406756,ERCC8;NDUFAF2,kimi-k2.6,Pathogenic,Pathogenic,0.85,PVS1;PM2,"Richards S, et al. Standards and guidelines for the interpretation of sequence variants: a joint consensus recommendation of the American College of Medical Genetics and Genomics and the Association for Molecular Pathology. Genet Med. 2015;17(5):405-24.",,4.28,
143157,DGAT1,deepseek-chat,Pathogenic,Pathogenic,0.9,PVS1;PM2,"Richards S, et al. Standards and guidelines for the interpretation of sequence variants. Genet Med. 2015;17(5):405-424.",,2.3,
143157,DGAT1,kimi-k2.6,Pathogenic,Pathogenic,0.85,PVS1;PM2,"Richards S, et al., Genet Med, 2015;Haas JT, et al., J Clin Invest, 2012;Nowicki MJ, et al., Gastroenterology, 2014",,4.75,
137978,FANCA,kimi-k2.6,Pathogenic,Pathogenic,0.99,PVS1;PM2,"Richards S, et al., Genet Med, 2015; Auerbach AD, Mutat Res, 2009",,5.88,
631127,NGLY1,deepseek-chat,Pathogenic,Pathogenic,0.99,PVS1;PM2;PVS1_Strength,"Enns GM, et al. Mutations in NGLY1 cause an inherited disorder of the endoplasmic reticulum-associated degradation pathway. Genet Med. 2014;16(10):751-758.;Need AC, et al. Clinical application of exome sequencing in undiagnosed genetic conditions. J Med Genet. 2012;49(6):353-361.",,2.55,
46845,BTD,kimi-k2.6,Pathogenic,Pathogenic,0.85,PS3;PM2;PP3;PP4,"Wolf, B, Heard, GS, McVoy, JR, et al. Biotinidase deficiency: the possible role of biotinidase in the processing of dietary protein-bound biotin. J Inherit Metab Dis. 1989;12(2):225-234.;Wolf, B. Biotinidase deficiency: new directions and practical concerns. Curr Treat Options Neurol. 2003;5(5):321-328.;Norrgard, KJ, Pomponio, RJ, Hymes, J, et al. Mutational analysis of the human biotinidase gene. Clin Genet. 1998;54(4):300-308.;Wolf, B. Biotinidase deficiency and our 'biotinidase theory' to explain its possible role in the treatment of multiple sclerosis and other neurological disorders. J Inherit Metab Dis. 2010;33(3):283-285.",,9.08,
920320,CEP290,deepseek-chat,Pathogenic,Pathogenic,0.95,PVS1;PM2;PVS1_Strong,"den Hollander et al., Am J Hum Genet, 2006;Coppieters et al., Hum Mutat, 2010",,2.31,
920320,CEP290,kimi-k2.6,Pathogenic,Pathogenic,0.9,PVS1;PM2,"Richards S, et al., Genet Med, 2015; den Dunnen JT, et al., Hum Mutat, 2016",,3.21,
2894417,ABCA12,deepseek-chat,Pathogenic,Pathogenic,0.95,PVS1;PM2;PVS1_Strong,"Lefèvre et al., Am J Hum Genet, 2003;Akiyama et al., J Invest Dermatol, 2005",,2.46,
631127,NGLY1,kimi-k2.6,Pathogenic,Pathogenic,0.95,PVS1;PS2;PM2,"Bamshad, Nat Genet, 2014; Need, Hum Mol Genet, 2012; Richards, Genet Med, 2015 (ACMG guidelines)",,7.07,
31343,FMO3,deepseek-chat,Pathogenic,Pathogenic,0.95,PVS1;PM2;PVS1_Strong,"Dolphin CT, et al. Nat Genet. 1997;17(4):491-494;Koukouritaki SB, et al. Pharmacogenetics. 2004;14(9):595-605",,2.47,
268359,CAPN3,deepseek-chat,Pathogenic,Pathogenic,0.95,PVS1;PM2;PVS1_Strength,"Richard I, et al. Am J Hum Genet, 1995;Kramerova I, et al. Hum Mol Genet, 2000",,2.47,
31343,FMO3,kimi-k2.6,Pathogenic,Pathogenic,0.95,PVS1;PM2,"ACMG Standards and Guidelines for the interpretation of sequence variants, Richards et al., Genet Med, 2015;Dolphin et al., Hum Mol Genet, 2000 (FMO3 and trimethylaminuria)",,5.54,
17436,ARG1,deepseek-chat,Pathogenic,Pathogenic,0.99,PVS1;PM2;PVS1_Strong,"Iyer R, et al. Hum Mol Genet. 1998;7(2):223-228;Vockley JG, et al. Hum Mutat. 1996;8(1):29-35",,2.42,
268359,CAPN3,kimi-k2.6,Pathogenic,Pathogenic,0.9,PVS1;PM2,"Richards S, Genet Med, 2015, PMID: 25741868;Oates EC, Neurology, 2018, PMID: 29666284;Fanin M, Hum Mutat, 2009, PMID: 19156863",,4.99,
2894417,ABCA12,kimi-k2.6,Pathogenic,Pathogenic,0.95,PVS1;PM2;PP4,"Richards S, Genet Med, 2015, ACMG/AMP guidelines;Akiyama M, J Dermatol Sci, 2006, ABCA12 mutations in harlequin ichthyosis;Akiyama M, J Dermatol, 2010, ABCA12 function and harlequin ichthyosis pathogenesis",,8.43,
17436,ARG1,kimi-k2.6,Pathogenic,Pathogenic,0.95,PVS1;PM2,"Richards S, et al., Genet Med, 2015; Uchino T, et al., Hum Mutat, 1995; Iyer RK, et al., Mol Genet Metab, 2004",,4.96,
23942,PPT1,deepseek-chat,Pathogenic,Pathogenic,0.99,PVS1;PM2;PVS1_Strength,"Mole SE, et al. The neuronal ceroid lipofuscinoses. In: GeneReviews, 2001 (updated 2019).;Kousi M, et al. Update of the mutation spectrum and clinical correlations of the CLN genes. Hum Mutat, 2012.",,3.43,
131940,SAMHD1,deepseek-chat,Pathogenic,Pathogenic,0.95,PVS1;PM2,"Rice GI, et al. Nat Genet. 2009;41(7):829-832;Crow YJ, et al. Am J Hum Genet. 2015;97(1):199-205",,2.61,
131940,SAMHD1,kimi-k2.6,Pathogenic,Pathogenic,0.85,PVS1;PM2,"Richards S, et al., Genet Med, 2015; ACMG/AMP Sequence Variant Interpretation Guidelines",,4.06,
101600,MMACHC,deepseek-chat,Pathogenic,Pathogenic,0.99,PVS1;PM2;PP5,"Lerner-Ellis JP, et al. Am J Hum Genet. 2006;79(5):935-942.;Carrillo-Carrasco N, et al. GeneReviews. 2012 (updated 2021).",,2.35,
1330529,COX20,deepseek-chat,Pathogenic,Uncertain significance,0.6,PM2;PP3,"Richards S, et al. Standards and guidelines for the interpretation of sequence variants. Genet Med. 2015;17(5):405-424.",,2.37,
101600,MMACHC,kimi-k2.6,Pathogenic,Pathogenic,0.99,PVS1;PS2;PM2,"Richards S, Genet Med, 2015; Watanabe M, Hum Mutat, 2016",,4.69,
26906,FAH,deepseek-chat,Pathogenic,Pathogenic,0.99,PVS1;PM2;PVS1_Strong,"St-Louis M, et al. Hum Mutat. 1994;3(2):134-9;Bergeron A, et al. Am J Hum Genet. 1994;55(1):14-23",,2.59,
23942,PPT1,kimi-k2.6,Pathogenic,Pathogenic,0.95,PVS1;PS2;PM2,"Richards S, et al., Standards and guidelines for the interpretation of sequence variants: a joint consensus recommendation of the American College of Medical Genetics and Genomics and the Association for Molecular Pathology. Genet Med. 2015;17(5):405-24.;Mole SE, et al., Correlations between genotype, ultrastructural morphology and clinical phenotype in the neuronal ceroid lipofuscinoses. Neurogenetics. 2005;6(2):107-26.;Santavuori P, et al., Infantile neuronal ceroid lipofuscinosis (CLN1): underappreciated as a cause of neonatal encephalopathy? J Inherit Metab Dis. 2012;35(4):663-9.",,9.05,
1330529,COX20,kimi-k2.6,Pathogenic,Uncertain significance,0.3,PM2,"Richards S, et al. Standards and guidelines for the interpretation of sequence variants. Genet Med. 2015;17(5):405-24;ExAC Browser, http://exac.broadinstitute.org",,5.43,
1431899,ACAD8,deepseek-chat,Pathogenic,Uncertain significance,0.6,PM2;BS1,"Richards S, et al. Standards and guidelines for the interpretation of sequence variants. Genet Med. 2015;17(5):405-424.",,2.17,
26906,FAH,kimi-k2.6,Pathogenic,Pathogenic,0.95,PVS1;PM2;PP4,"ACMG Standards and Guidelines for the interpretation of sequence variants, Richards et al., Genet Med, 2015;Waters PJ et al., Tyrosinemia type I: postnatal diagnosis and management, J Pediatr, 1999;Ploeger-Zimmermann et al., Molecular analysis of the FAH gene in tyrosinemia type I, Hum Mutat, 2001",,6.03,
22938,ABCA4,deepseek-chat,Pathogenic,Uncertain significance,0.6,PM2;PP3;PP4,"Richards S, et al. Standards and guidelines for the interpretation of sequence variants. Genet Med. 2015;17(5):405-424.",,2.57,
1416690,P3H2,deepseek-chat,Pathogenic,Pathogenic,0.95,PVS1;PM2;PVS1_Strong,"Marini JC, et al. Osteogenesis imperfecta. Nat Rev Dis Primers. 2017;3:17037.;Rauch F, et al. P3H2 mutations cause recessive osteogenesis imperfecta. Am J Hum Genet. 2015;96(6):978-985.",,2.98,
1431899,ACAD8,kimi-k2.6,Pathogenic,Uncertain significance,0.3,PM2,"ACMG Standards and Guidelines for the Interpretation of Sequence Variants, Richards et al., Genet Med, 2015",,6.33,
22938,ABCA4,kimi-k2.6,Pathogenic,Pathogenic,0.75,PM2;PP2;PP3;PP5,"Allikmets R, Nat Genet, 1997;Rivera A, Hum Mol Genet, 2000;Zernant J, Invest Ophthalmol Vis Sci, 2014",,4.78,
1416690,P3H2,kimi-k2.6,Pathogenic,Pathogenic,0.95,PVS1;PM2,"Richards S, et al., Genet Med, 2015 (ACMG guidelines)",,3.52,
236391,BRIP1,deepseek-chat,Pathogenic,Pathogenic,0.95,PVS1;PM2;PVS1_Strength,"Rafnar T, et al. Nat Genet, 2011;Seal S, et al. Nat Genet, 2006;Richards S, et al. Genet Med, 2015",,2.69,
1421961,EPG5,deepseek-chat,Pathogenic,Pathogenic,0.95,PVS1;PM2;PVS1_Strong,"Cullup T, et al. Am J Hum Genet, 2013;Byrne S, et al. Brain, 2016",,2.17,
232266,MUTYH,deepseek-chat,Pathogenic,Pathogenic,0.99,PVS1;PM2;PVS1_Strong,"Al-Tassan et al., Nat Genet, 2002;Richards et al., Genet Med, 2015",,2.2,
32046,GJB2,deepseek-chat,Pathogenic,Uncertain significance,0.6,PM2;PP3;PP4,"Richards et al., Genet Med, 2015;Shen et al., Hum Mutat, 2019",,2.41,
1421961,EPG5,kimi-k2.6,Pathogenic,Pathogenic,0.95,PVS1;PM2,"Byrne S, et al. Am J Hum Genet. 2016;99(4):857-873;Shaikh A, et al. Hum Mutat. 2013;34(12):1573-1581",,5.31,
236391,BRIP1,kimi-k2.6,Pathogenic,Pathogenic,0.95,PVS1;PM2,"Richards S, Richards S, Aziz N, et al. Standards and guidelines for the interpretation of sequence variants: a joint consensus recommendation of the American College of Medical Genetics and Genomics and the Association for Molecular Pathology. Genet Med. 2015;17(5):405-424.;Crickard M, et al. BRIP1, a tumor suppressor gene. Front Oncol. 2020;10:583218.;Easton DF, et al. Gene-panel sequencing and the prediction of breast-cancer risk. N Engl J Med. 2015;372(23):2243-2257.",,7.26,
232266,MUTYH,kimi-k2.6,Pathogenic,Pathogenic,0.95,PVS1;PM2,"ACMG Standards and Guidelines for the Interpretation of Sequence Variants, Richards et al., Genet Med, 2015;MUTYH-associated polyposis and colorectal cancer, Sampson et al., Nat Rev Gastroenterol Hepatol, 2011",,6.23,
543136,EVC2,deepseek-chat,Pathogenic,Pathogenic,0.95,PVS1;PM2,"Ruiz-Perez VL, et al., Am J Hum Genet, 2003;Tompson SW, et al., Am J Hum Genet, 2007",,2.22,
27037,G6PC1,deepseek-chat,Pathogenic,Uncertain significance,0.6,PM2;BS1,"Richards et al., Genet Med, 2015",,2.23,
29035,PNP,deepseek-chat,Pathogenic,Pathogenic,0.95,PVS1;PM2;PVS1_Strong,"Markert ML, Immunodefic Rev, 1991;Giblett ER, Lancet, 1975",,2.19,
32046,GJB2,kimi-k2.6,Pathogenic,Pathogenic,0.85,PS1;PM2;PP3,"Snoeckx RL, Huygen PL, Feldmann D, et al. GJB2 mutations and degree of hearing loss: a multicenter study. Am J Hum Genet. 2005;77(6):945-957.;Abe S, Usami S, Shinkawa H, et al. Prevalent connexin 26 gene (GJB2) mutations in Japanese. J Med Genet. 2000;37(7):523-525.;Richard G, White TW, Smith LE, et al. Functional defects of Cx26 resulting from a heterozygous missense mutation in patients with dominant deaf-mutism. Nat Genet. 1998;19(1):87-90.",,8.74,
543136,EVC2,kimi-k2.6,Pathogenic,Pathogenic,0.95,PVS1;PM2,"Richards S, Genet Med, 2015; Ruiz-Perez VL, Nat Genet, 2000; Tompson SW, Am J Med Genet A, 2007",,7.78,
920726,TXNDC15,deepseek-chat,Pathogenic,Pathogenic,0.95,PVS1;PM2,"Richards S, et al. Genet Med, 2015",,2.13,
29035,PNP,kimi-k2.6,Pathogenic,Pathogenic,0.95,PVS1;PM2;PP4,"Aissani et al., Nucleic Acids Res, 1993; Markert, J Biol Chem, 1991; Richards et al., Genet Med, 2015 (ACMG guidelines)",,5.81,
27037,G6PC1,kimi-k2.6,Pathogenic,Pathogenic,0.75,PM2;PP3;PP4,"Kojima et al., J Inherit Metab Dis, 2000;Chou & Mansfield, Genet Med, 1999;Richards et al., Genet Med, 2015 (ACMG guidelines)",,6.95,
920726,TXNDC15,kimi-k2.6,Pathogenic,Pathogenic,0.95,PVS1;PM2,"Richards S, et al., Genet Med, 2015, PMID: 25741868",,4.34,
29357,MC4R,deepseek-chat,Pathogenic,Pathogenic,0.95,PVS1;PM2;PVS1_Strength,"Yeo GS, et al. Nature Genetics, 1998;Vaisse C, et al. Nature Genetics, 1998;Faroogi IS, et al. New England Journal of Medicine, 2003",,2.47,
173141,TTN,deepseek-chat,Pathogenic,Pathogenic,0.95,PVS1;PM2,"Herman DS, et al. N Engl J Med. 2012;366:619-628;Roberts AM, et al. Sci Transl Med. 2015;7:270ra6",,2.25,
27817,SDHB,deepseek-chat,Pathogenic,Pathogenic,0.99,PVS1;PM2;PVS1_Strong,"Astuti D, et al. J Med Genet, 2001;Baysal BE, et al. Science, 2000;Niemann S, et al. Nat Genet, 2000",,2.3,
27817,SDHB,kimi-k2.6,Pathogenic,Pathogenic,0.99,PVS1;PS4;PM2,"Benn DE, Nat Rev Endocrinol, 2012; Burnichon N, Hum Mutat, 2012; Bayley JP, Endocr Relat Cancer, 2015",,4.82,
969721,RPGRIP1,kimi-k2.6,Pathogenic,Pathogenic,0.85,PVS1;PM2,"Richards S, et al., Standards and guidelines for the interpretation of sequence variants: a joint consensus recommendation of the American College of Medical Genetics and Genomics and the Association for Molecular Pathology. Genet Med. 2015;17(5):405-24",,3.75,
969721,RPGRIP1,deepseek-chat,Pathogenic,Pathogenic,0.9,PVS1;PM2,"Dryja et al., Am J Hum Genet, 2001;Chen et al., Invest Ophthalmol Vis Sci, 2005",,2.32,
173141,TTN,kimi-k2.6,Pathogenic,Pathogenic,0.85,PVS1;PM2,"Richards S, et al., Standards and guidelines for the interpretation of sequence variants: a joint consensus recommendation of the American College of Medical Genetics and Genomics and the Association for Molecular Pathology. Genet Med. 2015;17(5):405-24.",,6.09,
1934843,PKD2,deepseek-chat,Pathogenic,Pathogenic,0.99,PVS1;PM2;PVS1_Strong,"Audrezet et al., Hum Mutat, 2012;Rossetti et al., J Am Soc Nephrol, 2001",,2.25,
1934843,PKD2,kimi-k2.6,Pathogenic,Pathogenic,0.95,PVS1;PM2,"ACMG Standards and Guidelines for the interpretation of sequence variants, Richards et al., Genet Med, 2015;PKD2-related autosomal dominant polycystic kidney disease, Hopp et al., GeneReviews, 2021",,4.06,
27084,FANCC,deepseek-chat,Pathogenic,Uncertain significance,0.6,PM2;PVS1_moderate,"Richards et al., Genet Med, 2015",,2.13,
1670657,SORD,deepseek-chat,Pathogenic,Pathogenic,0.95,PVS1;PM2;PVS1_Strong,"Cortese A, et al. Brain, 2020, SORD mutations cause autosomal recessive distal hereditary motor neuropathy and Charcot-Marie-Tooth disease.",,2.61,
193855,DYSF,deepseek-chat,Pathogenic,Pathogenic,0.95,PVS1;PM2,"Aoki M, et al. J Hum Genet, 2001;Krahn M, et al. Hum Mutat, 2009",,2.27,
29357,MC4R,kimi-k2.6,Pathogenic,Pathogenic,0.95,PVS1;PM2,"Richards S, et al., Standards and guidelines for the interpretation of sequence variants: a joint consensus recommendation of the American College of Medical Genetics and Genomics and the Association for Molecular Pathology. Genet Med. 2015;17(5):405-24.;Hinney A, et al., Genetics of Obesity: MC4R Variants. In: Feingold KR, et al., editors. Endotext [Internet]. South Dartmouth (MA): MDText.com, Inc.; 2000-.;Yeo GS, et al., The role of melanocortin 4 receptor in energy homeostasis. Obes Rev. 2000;1(4):251-5.",,11.47,
27084,FANCC,kimi-k2.6,Pathogenic,Pathogenic,0.85,PVS1_Strong;PM2,"Richards S, et al. Genet Med. 2015;17(5):405-24;SpliceAI/MaxEntScan predictions for splice site disruption;Dehéque B, et al. Hum Mutat. 2005;25(6):595-96",,5.53,
193855,DYSF,kimi-k2.6,Pathogenic,Pathogenic,0.85,PVS1;PM2,"Richards S, Richards S, et al., Standards and guidelines for the interpretation of sequence variants: a joint consensus recommendation of the American College of Medical Genetics and Genomics and the Association for Molecular Pathology. Genet Med. 2015;17(5):405-24.",,4.38,
1670657,SORD,kimi-k2.6,Pathogenic,Pathogenic,0.95,PVS1;PM2,"Richards S, Genet Med, 2015, ACMG/AMP guidelines for interpretation of sequence variants",,5.65,
1166562,LAMC2,deepseek-chat,Pathogenic,Pathogenic,0.95,PVS1;PM2;PVS1_strong,"Dang N, Murrell DF. Mutation analysis and characterization of LAMC2 in generalized atrophic benign epidermolysis bullosa. Br J Dermatol. 2008;158(5):1043-1049.;Pulkkinen L, Uitto J. Mutation analysis and molecular genetics of epidermolysis bullosa. Matrix Biol. 1999;18(1):29-42.",,2.87,
76340,COL18A1,deepseek-chat,Pathogenic,Pathogenic,0.95,PVS1;PM2,"Suzuki et al., Am J Hum Genet, 2002;Sertié et al., Am J Hum Genet, 2000",,2.21,
76340,COL18A1,kimi-k2.6,Pathogenic,Pathogenic,0.95,PVS1;PM2,"Richards S, et al., Genet Med, 2015, PMID:25741868",,3.43,
791648,PMM2,deepseek-chat,Pathogenic,Pathogenic,0.99,PVS1;PM2;PVS1_Strong,"Matthijs G, et al. Am J Hum Genet, 1997;Schollen E, et al. Hum Mutat, 2000;Jaeken J, et al. J Inherit Metab Dis, 2017",,2.67,
542058,COL4A3,deepseek-chat,Pathogenic,Pathogenic,0.95,PVS1;PM2;PVS1_Strong,"Savige J, et al. Kidney Int. 2013;84(5):920-930;Richards S, et al. Genet Med. 2015;17(5):405-424",,2.41,
791648,PMM2,kimi-k2.6,Pathogenic,Pathogenic,0.99,PVS1;PS2;PM2,"Richards S, Genet Med, 2015; Matthijs G, Eur J Hum Genet, 2016; Freeze HH, Annu Rev Genomics Hum Genet, 2012",,4.72,
1166562,LAMC2,kimi-k2.6,Pathogenic,Pathogenic,0.95,PVS1;PM2,"ACMG Standards and Guidelines for the interpretation of sequence variants, Richards et al., Genet Med, 2015;Has C, Sparta G, Kiritsi D, et al. Integrin α3 mutations with kidney, lung and skin disease. N Engl J Med. 2012;366(16):1508-1514;Pulkkinen L, Christiano AM, Gerecke D, et al. A homozygous nonsense mutation in the beta 3 chain gene of laminin 5 (LAMB3) in herlitz junctional epidermolysis bullosa. Hum Mol Genet. 1994;3(10):1749-1752",,7.19,
15981,GLB1,deepseek-chat,Pathogenic,Uncertain significance,0.6,PM2;BS1,"Richards et al., Genet Med, 2015",,2.0,
15981,GLB1,kimi-k2.6,Pathogenic,Uncertain significance,0.3,PM2,"Richards S, et al., Standards and guidelines for the interpretation of sequence variants: a joint consensus recommendation of the American College of Medical Genetics and Genomics and the Association for Molecular Pathology. Genet Med. 2015;17(5):405-24",,5.07,
543691,MMUT,deepseek-chat,Pathogenic,Pathogenic,0.95,PVS1;PM2;PVS1_Strong,"Forni et al., Human Mutation, 2009;Worgan et al., Molecular Genetics and Metabolism, 2006",,2.44,
1679347,LMOD2,deepseek-chat,Pathogenic,Pathogenic,0.95,PVS1;PM2;PVS1_Strength,"Richards S, et al. Genet Med. 2015;17(5):405-424",,2.09,
543691,MMUT,kimi-k2.6,Pathogenic,Pathogenic,0.95,PVS1;PM2,"Richards S, et al., Genet Med, 2015; Worgan LC, et al., Am J Hum Genet, 2006",,4.21,
1679347,LMOD2,kimi-k2.6,Pathogenic,Pathogenic,0.85,PVS1;PM2,"Richards S, et al., Genet Med, 2015; ACMG/AMP Sequence Variant Interpretation Guidelines",,4.4,
536159,DYSF,deepseek-chat,Pathogenic,Pathogenic,0.9,PVS1;PM2,"Aoki M, et al. DYSF-Related Myopathies. GeneReviews, 1999 (updated 2021).;Richards S, et al. Standards and guidelines for the interpretation of sequence variants. Genet Med, 2015.",,2.56,
542058,COL4A3,kimi-k2.6,Pathogenic,Pathogenic,0.95,PVS1;PM2,"Richards S, et al. Standards and guidelines for the interpretation of sequence variants. Genet Med. 2015;17(5):405-24;Bateman JF, et al. Genetic heterogeneity of autosomal recessive Alport syndrome. Semin Nephrol. 2003;23(2):163-73;Marcocci E, et al. Autosomal dominant Alport syndrome: molecular analysis of the COL4A3 and COL4A4 genes. J Nephrol. 2009;22(5):699-704",,8.83,
1861676,KCNJ1,deepseek-chat,Pathogenic,Uncertain significance,0.6,PM2;PP3,"Richards et al., Genet Med, 2015",,2.24,
536159,DYSF,kimi-k2.6,Pathogenic,Pathogenic,0.85,PVS1;PM2,"Richards S, et al., Genet Med, 2015; ACMG/AMP Sequence Variant Interpretation Guidelines",,3.74,
17125,GCDH,deepseek-chat,Pathogenic,Uncertain significance,0.6,PM2;PP3;BP4,"Richards et al., Genet Med, 2015",,2.13,
1861676,KCNJ1,kimi-k2.6,Pathogenic,Uncertain significance,0.3,PM2,"Richards S, et al., Standards and guidelines for the interpretation of sequence variants: a joint consensus recommendation of the American College of Medical Genetics and Genomics and the Association for Molecular Pathology. Genet Med. 2015;17(5):405-24",,4.48,
1454832,SCLT1,deepseek-chat,Pathogenic,Pathogenic,0.95,PVS1;PM2,"Richards S, et al. Genet Med. 2015;17(5):405-424",,2.4,
1454832,SCLT1,kimi-k2.6,Pathogenic,Pathogenic,0.95,PVS1;PM2,"Richards S, et al., Genet Med, 2015; ACMG/AMP Sequence Variant Interpretation Guidelines",,3.66,
17125,GCDH,kimi-k2.6,Pathogenic,Pathogenic,0.85,PS3;PM2;PP3;PP4,"Boy N, Eur J Hum Genet, 2017;Keyser B, Hum Mutat, 2008;ACMG, Genet Med, 2015",,4.26,
402564,RAD51D,deepseek-chat,Pathogenic,Pathogenic,0.95,PVS1;PM2;PVS1_Strong,"Meindl A, et al., Nature Genetics, 2010;Loveday C, et al., Nature Genetics, 2011",,2.02,
1061351,HGSNAT,deepseek-chat,Pathogenic,Pathogenic,0.95,PVS1;PM2,"Hrebicek M, et al. Am J Hum Genet, 2006;Fan X, et al. Hum Mutat, 2006",,2.05,
402564,RAD51D,kimi-k2.6,Pathogenic,Pathogenic,0.95,PVS1;PM2,"Richards S, Aziz N, Bale S, et al. Standards and guidelines for the interpretation of sequence variants: a joint consensus recommendation of the American College of Medical Genetics and Genomics and the Association for Molecular Pathology. Genet Med. 2015;17(5):405-424.;Tung N, Domchek SM, Stadler Z, et al. Counselling framework for moderate-penetrance cancer-susceptibility mutations. Nat Rev Clin Oncol. 2016;13(2):81-92.",,5.44,
1061351,HGSNAT,kimi-k2.6,Pathogenic,Pathogenic,0.85,PVS1;PM2,"ACMG Standards and Guidelines for the interpretation of sequence variants, Richards et al., Genet Med, 2015;HGSNAT is associated with Mucopolysaccharidosis type IIIC (MIM #252930), an autosomal recessive lysosomal storage disorder caused by loss-of-function variants",,4.09,
569012,FANCG,deepseek-chat,Pathogenic,Pathogenic,0.99,PVS1;PM2;PVS1_Strong,"de Winter JP, et al. Am J Hum Genet, 1998;Levran O, et al. Proc Natl Acad Sci USA, 1997",,2.59,
533776,CFAP298,deepseek-chat,Pathogenic,Pathogenic,0.95,PVS1;PM2,"Richards S, et al. Genet Med, 2015",,1.85,
569012,FANCG,kimi-k2.6,Pathogenic,Pathogenic,0.95,PVS1;PM2;PP4,"Richards S, et al. Standards and guidelines for the interpretation of sequence variants. Genet Med. 2015;17(5):405-24.",,4.87,
259635,TMCO1,deepseek-chat,Pathogenic,Pathogenic,0.95,PVS1;PM2,"Xin et al., Am J Hum Genet, 2010;Alanay et al., Am J Hum Genet, 2010",,2.25,
1510400,TCTN1,deepseek-chat,Pathogenic,Pathogenic,0.95,PVS1;PM2;PVS1_Strong,"Reiter JF, Leroux MR. Genes & Development, 2017;Huppke P, et al. American Journal of Human Genetics, 2015",,2.34,
533776,CFAP298,kimi-k2.6,Pathogenic,Pathogenic,0.85,PVS1;PM2,"Richards S, et al. Standards and guidelines for the interpretation of sequence variants. Genet Med. 2015;17(5):405-24;Knowles MR, et al. Mutations in SPAG1 cause primary ciliary dyskinesia associated with defective outer and inner dynein arms. Am J Hum Genet. 2013;93(4):711-22",,5.57,
259635,TMCO1,kimi-k2.6,Pathogenic,Pathogenic,0.95,PVS1;PM2,"Richards S, et al., Gen Med, 2015; ACMG/AMP Sequence Variant Interpretation Guidelines",,4.35,
2085884,GAA,deepseek-chat,Pathogenic,Pathogenic,0.99,PVS1;PM2;PVS1_Strong,"Kroos M, et al. Hum Mutat. 2008;29(6):E83-E96.;Reuser AJ, et al. Hum Mutat. 2019;40(11):1954-1972.",,2.36,
489057,ABCB4,deepseek-chat,Pathogenic,Pathogenic,0.95,PVS1;PM2,"Moradpour D, et al. Hepatology, 1998;Davit-Spraul A, et al. Hepatology, 2010",,2.22,
1510400,TCTN1,kimi-k2.6,Pathogenic,Pathogenic,0.95,PVS1;PM2,"Richards S, et al., Genet Med, 2015 (ACMG guidelines); den Dunnen JT, et al., Hum Mutat, 2016 (HGVS nomenclature)",,6.03,
187060,CBS,deepseek-chat,Pathogenic,Uncertain significance,0.6,PM2;PP3,"Richards et al., Genet Med, 2015",,1.81,
22858,PTEN,deepseek-chat,Pathogenic,Pathogenic,0.99,PVS1;PM2;PVS1_Strong,"Marsh DJ, et al. Hum Mutat, 1998;Liaw D, et al. Nat Genet, 1997;Nelen MR, et al. Nat Genet, 1996",,2.52,
489057,ABCB4,kimi-k2.6,Pathogenic,Pathogenic,0.85,PVS1;PM2,"Richards S, et al., Standards and guidelines for the interpretation of sequence variants: a joint consensus recommendation of the American College of Medical Genetics and Genomics and the Association for Molecular Pathology. Genet Med. 2015;17(5):405-24",,6.39,
187060,CBS,kimi-k2.6,Pathogenic,Pathogenic,0.75,PM2;PP3;PP4,"Kraus et al., Hum Mutat, 1999;Mendes et al., Mol Genet Metab, 2014;Richards et al., Genet Med, 2015",,5.56,
2085884,GAA,kimi-k2.6,Pathogenic,Pathogenic,0.95,PVS1;PM2,"Richards S, et al., Genet Med, 2015, PMID: 25741868;Kroos MA, et al., Eur J Hum Genet, 2012, PMID: 22234109;Wittwer C, et al., Genet Med, 2017, PMID: 28471499",,7.71,
22858,PTEN,kimi-k2.6,Pathogenic,Pathogenic,0.99,PVS1;PS2;PM2,"ACMG Standards and Guidelines for the Interpretation of Sequence Variants, Richards et al., Genet Med, 2015;PTEN Hamartoma Tumor Syndrome, Nelen et al., Genet Med, 2011;ClinVar entry for PTEN c.388C>T, accessed 2024",,4.63,
652576,SLC12A3,kimi-k2.6,Pathogenic,Uncertain significance,0.3,BS1,"Richards S, Genet Med, 2015;OMIM #Gitelman syndrome;Glaubitz L, Front Pediatr, 2019",,4.54,
652576,SLC12A3,deepseek-chat,Pathogenic,Uncertain significance,0.6,PM2;BS1,"Richards S, et al. Standards and guidelines for the interpretation of sequence variants. Genet Med. 2015;17(5):405-424.",,2.41,
195656,DYSF,deepseek-chat,Pathogenic,Uncertain significance,0.6,PM2;PP3,"Richards S, et al. Standards and guidelines for the interpretation of sequence variants. Genet Med. 2015;17(5):405-424.",,2.63,
846648,CTC1,deepseek-chat,Pathogenic,Pathogenic,0.95,PVS1;PM2;PVS1_Strong,"Anderson BH, et al. Am J Hum Genet. 2012;91(1):170-178;Polvi A, et al. Am J Hum Genet. 2012;91(1):179-184",,2.55,
409907,RAD51D,deepseek-chat,Pathogenic,Pathogenic,0.95,PVS1;PM2;PVS1_Strong,"Thompson ER, et al. J Clin Oncol, 2013;Loveday C, et al. Nat Genet, 2011",,2.96,
846648,CTC1,kimi-k2.6,Pathogenic,Pathogenic,0.95,PVS1;PM2,"Richards S, Genet Med, 2015; Anderson BH, Nat Genet, 2012; Walne AJ, Blood, 2008",,4.99,
265377,DYSF,deepseek-chat,Pathogenic,Pathogenic,0.95,PVS1;PM2_Supporting;PVS1_Strong,"Aartsma-Rus A, et al. Hum Mutat, 2009;Krahn M, et al. Neuromuscul Disord, 2009",,3.17,
195656,DYSF,kimi-k2.6,Pathogenic,Pathogenic,0.75,PM2;PP3;PP4,"Richards S, et al., Genet Med, 2015 (ACMG guidelines);Nguyen K, et al., Am J Hum Genet, 2007 (DYSF/dysferlinopathy)",,7.26,
21602,ABCC6,deepseek-chat,Pathogenic,Pathogenic,0.95,PVS1;PM2,"Le Saux O, et al. Am J Hum Genet, 2000;Plomp AS, et al. J Med Genet, 2008",,2.1,
409907,RAD51D,kimi-k2.6,Pathogenic,Pathogenic,0.85,PVS1;PM2,"Richards S, Richards S, et al. Standards and guidelines for the interpretation of sequence variants: a joint consensus recommendation of the American College of Medical Genetics and Genomics and the Association for Molecular Pathology. Genet Med. 2015;17(5):405-24.",,6.13,
265377,DYSF,kimi-k2.6,Pathogenic,Pathogenic,0.95,PVS1;PM2,"Richards S, et al., Genet Med, 2015; DYSF gene: Nguyen K, et al., Am J Hum Genet, 2005",,6.06,
964991,NBAS,deepseek-chat,Pathogenic,Pathogenic,0.95,PVS1;PM2;PVS1_Strong,"Haack et al., Am J Hum Genet, 2015;Staufner et al., J Inherit Metab Dis, 2016",,2.43,
264312,CLCN1,deepseek-chat,Pathogenic,Uncertain significance,0.6,PM2;PP3,"Richards S, et al. Standards and guidelines for the interpretation of sequence variants. Genet Med. 2015;17(5):405-424.",,2.26,
964991,NBAS,kimi-k2.6,Pathogenic,Pathogenic,0.85,PVS1;PM2,"Richards S, et al., Standards and guidelines for the interpretation of sequence variants: a joint consensus recommendation of the American College of Medical Genetics and Genomics and the Association for Molecular Pathology. Genet Med. 2015;17(5):405-24.",,4.42,
21602,ABCC6,kimi-k2.6,Pathogenic,Pathogenic,0.95,PVS1;PM2,"Richards S, Genet Med, 2015; Ohtoshi M, J Invest Dermatol, 1999; Le Saux O, Hum Mutat, 2001",,6.5,
187038,GCDH,deepseek-chat,Pathogenic,Uncertain significance,0.6,PM2;BS1,"Richards S, et al. Genet Med. 2015;17(5):405-424",,2.49,
264312,CLCN1,kimi-k2.6,Pathogenic,Pathogenic,0.85,PS1;PM2;PP3,"Kubisch C, JCI, 1998; Steinmeyer K, Nature, 1991; Lehmann-Horn F, Muscle Nerve, 1999",,4.82,
266918,CAPN3,deepseek-chat,Pathogenic,Uncertain significance,0.6,PM2;PP3,"Richards et al., Genet Med, 2015",,2.07,
266918,CAPN3,kimi-k2.6,Pathogenic,Uncertain significance,0.3,PM2,"Richards S, Genet Med, 2015;Exome Aggregation Consortium, Nature, 2016",,3.51,
624002,RLBP1,deepseek-chat,Pathogenic,Uncertain significance,0.6,PM2;PP3,"Richards S, et al. Genet Med. 2015;17(5):405-424",,2.24,
18091,ARSA,deepseek-chat,Pathogenic,Uncertain significance,0.6,PM2;PP3,"Richards S, et al. Genet Med. 2015;17(5):405-424.",,2.25,
187038,GCDH,kimi-k2.6,Pathogenic,Pathogenic,0.75,PM2;PP3;PP4,"Wiley S, Hum Mutat, 2002; Zschocke J, Eur J Hum Genet, 2000; Boy N, J Inherit Metab Dis, 2017",,6.05,
624002,RLBP1,kimi-k2.6,Pathogenic,Uncertain significance,0.3,PM2,"Richards S, et al., Genet Med, 2015;Koenekoop RK, et al., Invest Ophthalmol Vis Sci, 1998 (RLBP1 and retinal dystrophies)",,4.54,
21628,ABCB11,deepseek-chat,Pathogenic,Pathogenic,0.99,PVS1;PM2;PVS1_Strong,"Strautnieks et al., Gastroenterology, 1998;van Mil et al., Hepatology, 2004;Davit-Spraul et al., Hepatology, 2010",,2.63,
26989,DBT,deepseek-chat,Pathogenic,Pathogenic,0.95,PVS1;PM2;PVS1_Strength,"Chuang JL, et al. Am J Hum Genet. 1996;58(5):1008-1015.;Nellis MM, et al. Am J Hum Genet. 1992;50(3):466-472.",,2.75,
18091,ARSA,kimi-k2.6,Pathogenic,Pathogenic,0.85,PS1;PM2;PP3,"Gieselmann V, Krageloh-Mann I, 2010, Metachromatic leukodystrophy: clinical course and biochemistry; Polten A, Fluharty AL, Fluharty CB, et al., 1991, Molecular basis of different forms of metachromatic leukodystrophy; ACMG Standards and Guidelines for the interpretation of sequence variants, 2015",,6.15,
3084192,OPTN,deepseek-chat,Pathogenic,Pathogenic,0.95,PVS1;PM2,"Maruyama H, et al. Ann Neurol, 2010;Weishaupt JH, et al. Neurobiol Aging, 2013",,2.15,
21628,ABCB11,kimi-k2.6,Pathogenic,Pathogenic,0.95,PVS1;PM2;PP4,"Richards S, Genet Med, 2015; Strautnieks SS, N Engl J Med, 1998; Byrne JA, Gastroenterology, 2009",,6.31,
26989,DBT,kimi-k2.6,Pathogenic,Pathogenic,0.95,PVS1;PM2,"Richards S, Genet Med, 2015;Wolfe L, J Inherit Metab Dis, 1983;Chuang DT, J Inherit Metab Dis, 2006",,5.38,
1977154,ERCC3,deepseek-chat,Pathogenic,Pathogenic,0.99,PVS1;PM2;PVS1_Strong,"Weeda et al., Cell, 1990; Oh et al., Am J Hum Genet, 2006",,2.31,
3084192,OPTN,kimi-k2.6,Pathogenic,Pathogenic,0.85,PVS1;PM2,"Richards S, et al., Standards and guidelines for the interpretation of sequence variants: a joint consensus recommendation of the American College of Medical Genetics and Genomics and the Association for Molecular Pathology. Genet Med. 2015;17(5):405-24",,6.56,
511872,PRF1,deepseek-chat,Pathogenic,Uncertain significance,0.6,PM2;PP3;PP4,"Richards S, et al. Genet Med. 2015;17(5):405-424",,2.51,
1977154,ERCC3,kimi-k2.6,Pathogenic,Pathogenic,0.95,PVS1;PM2;PP4,"Richards S, et al. Standards and guidelines for the interpretation of sequence variants. Genet Med. 2015;17(5):405-424.;Weeda G, et al. A mutation in the XPB/ERCC3 DNA repair transcription gene, associated with trichothiodystrophy. Am J Hum Genet. 1997;60(2):320-329.;Giglia-Mari G, et al. TPBP, a TATA-binding protein-related protein, is dispensable for transcription but required for DNA repair. Nat Struct Mol Biol. 2004;11(6):550-555.",,9.58,
511872,PRF1,kimi-k2.6,Pathogenic,Pathogenic,0.75,PM2;PP3;PP4,"Stepp SE, Dufourcq-Lagelouse R, Le Deist F, et al. Perforin gene defects in familial hemophagocytic lymphohistiocytosis. Science. 1999;286(5446):1957-1959.;Clementi R, Locatelli F, Dupre L, et al. A proportion of patients with familial or sporadic hemophagocytic lymphohistiocytosis have mutations in the perforin gene. Prenat Diagn. 2001;21(8):631-634.;Richards S, Aziz N, Bale S, et al. Standards and guidelines for the interpretation of sequence variants: a joint consensus recommendation of the American College of Medical Genetics and Genomics and the Association for Molecular Pathology. Genet Med. 2015;17(5):405-424.",,11.47,
