AlleleID,Type,Name,GeneID,GeneSymbol,HGNC_ID,ClinicalSignificance,ClinSigSimple,LastEvaluated,RS# (dbSNP),nsv/esv (dbVar),RCVaccession,PhenotypeIDS,PhenotypeList,Origin,OriginSimple,Assembly,ChromosomeAccession,Chromosome,Start,Stop,ReferenceAllele,AlternateAllele,Cytogenetic,ReviewStatus,NumberSubmitters,Guidelines,TestedInGTR,OtherIDs,SubmitterCategories,VariationID,PositionVCF,ReferenceAlleleVCF,AlternateAlleleVCF,SomaticClinicalImpact,SomaticClinicalImpactLastEvaluated,ReviewStatusClinicalImpact,Oncogenicity,OncogenicityLastEvaluated,ReviewStatusOncogenicity,SCVsForAggregateGermlineClassification,SCVsForAggregateSomaticClinicalImpact,SCVsForAggregateOncogenicityClassification
1155127,single nucleotide variant,NM_004174.4(SLC9A3):c.723C>T (p.Asn241=),6550,SLC9A3,HGNC:11073,Benign,0,"Feb 01, 2026",146831782,-,RCV001518087,MedGen:C3661900,not provided,germline,germline,GRCh37,NC_000005.9,5,485299,485299,na,na,5p15.33,"criteria provided, single submitter",1,-,N,ClinGen:CA3176228,2,1168115,485299,G,A,-,-,-,-,-,-,SCV001726726,-,-
501660,single nucleotide variant,NM_001286445.3(RIPOR2):c.2507-6G>A,9750,RIPOR2,HGNC:13872,Benign,0,"Jan 21, 2026",144190405,-,RCV000609949|RCV000992752,MedGen:CN169374|MedGen:C3661900,not specified|not provided,germline,germline,GRCh37,NC_000006.11,6,24828529,24828529,na,na,6p22.3,"criteria provided, multiple submitters, no conflicts",4,-,N,ClinGen:CA3659098,2,508583,24828529,C,T,-,-,-,-,-,-,SCV000717873|SCV000967109|SCV001145271|SCV002508165,-,-
4803691,single nucleotide variant,NM_000051.4(ATM):c.4204A>T (p.Lys1402Ter),472,ATM,HGNC:795,Pathogenic,1,"Jan 07, 2026",-1,-,RCV006482482,"MONDO:MONDO:0008840,MedGen:C0004135,OMIM:208900,Orphanet:100",Ataxia-telangiectasia syndrome,germline,germline,GRCh37,NC_000011.9,11,108159798,108159798,na,na,11q22.3,"criteria provided, single submitter",1,-,N,-,2,4698283,108159798,A,T,-,-,-,-,-,-,SCV007356568,-,-
4924701,Deletion,NM_005654.6(NR2F1):c.1036_1038del (p.Glu346del),7025,NR2F1,HGNC:7975,Pathogenic,1,"Mar 05, 2026",-1,-,RCV006635165,"MONDO:MONDO:0014320,MedGen:C3810363,OMIM:615722,Orphanet:401777",Bosch-Boonstra-Schaaf optic atrophy syndrome,unknown,unknown,GRCh37,NC_000005.9,5,92929310,92929312,na,na,5q15,"criteria provided, single submitter",1,-,N,-,2,4813542,92929309,CAGG,C,-,-,-,-,-,-,SCV007519223,-,-
2093135,Duplication,NM_170606.3(KMT2C):c.3434-9dup,58508,KMT2C,HGNC:13726,Benign,0,"Jan 23, 2026",761294296,-,RCV002913935,MedGen:C3661900,not provided,germline,germline,GRCh37,NC_000007.13,7,151919159,151919160,na,na,7q36.1,"criteria provided, single submitter",1,-,N,ClinGen:CA4580820,2,2046860,151919159,G,GA,-,-,-,-,-,-,SCV003253691,-,-
34345,single nucleotide variant,NM_012434.5(SLC17A5):c.406A>G (p.Lys136Glu),26503,SLC17A5,HGNC:10933,Pathogenic,1,"May 05, 2026",80338795,-,RCV000020682|RCV000412731|RCV000763562|RCV001095364|RCV006694011|RCV006713135,"MONDO:MONDO:0011449,MedGen:C1096903,OMIM:604369,Orphanet:309334,Orphanet:834|MedGen:C3661900|MONDO:MONDO:0011449,MedGen:C1096903,OMIM:604369,Orphanet:309334,Orphanet:834;MONDO:MONDO:0010027,MedGen:C1096902,OMIM:269920,Orphanet:309324,Orphanet:834|MONDO:MONDO:0010027,MedGen:C1096902,OMIM:269920,Orphanet:309324,Orphanet:834|MONDO:MONDO:0002561,MedGen:C0085078,Orphanet:68366|MeSH:D030342,MedGen:C0950123","Salla disease|not provided|Salla disease;Sialic acid storage disease, severe infantile type|Sialic acid storage disease, severe infantile type|Lysosomal storage disease|Inborn genetic diseases",germline;unknown,germline,GRCh37,NC_000006.11,6,74351533,74351533,na,na,6q13,"criteria provided, multiple submitters, no conflicts",18,-,N,"ClinGen:CA342129,UniProtKB:Q9NRA2#VAR_018685,OMIM:604322.0009",3,21493,74351533,T,C,-,-,-,-,-,-,SCV000490801|SCV000894393|SCV000956755|SCV001423611|SCV001453515|SCV001815786|SCV001961977|SCV002020635|SCV002027580|SCV004201211|SCV005413735|SCV005885268|SCV007592241|SCV007629939,-,-
727787,single nucleotide variant,NM_005559.4(LAMA1):c.4540C>T (p.His1514Tyr),284217,LAMA1,HGNC:6481,Benign,0,"Jan 23, 2026",140577242,-,RCV000881263|RCV006440322,MedGen:C3661900|MedGen:CN169374,not provided|not specified,germline,germline,GRCh37,NC_000018.9,18,6999567,6999567,na,na,18p11.31,"criteria provided, multiple submitters, no conflicts",2,-,N,ClinGen:CA8881890,2,709794,6999567,G,A,-,-,-,-,-,-,SCV001024421|SCV007310045,-,-
1477871,single nucleotide variant,NM_144997.7(FLCN):c.1222C>T (p.Gln408Ter),201163,FLCN,HGNC:27310,Pathogenic,1,"May 15, 2026",2144858986,-,RCV001953597|RCV005868493|RCV006727491,"MONDO:MONDO:0800444,MedGen:C0346010,OMIM:PS135150,Orphanet:122|MONDO:MONDO:0800445,MedGen:CN375946,OMIM:135150,Orphanet:122|MONDO:MONDO:0015356,MeSH:D009386,MedGen:C0027672,Orphanet:140162",Birt-Hogg-Dube syndrome|Birt-Hogg-Dube syndrome 1|Hereditary cancer-predisposing syndrome,germline,germline,GRCh37,NC_000017.10,17,17119772,17119772,na,na,17p11.2,"criteria provided, multiple submitters, no conflicts",3,-,N,ClinGen:CA398531858,2,1457134,17119772,G,A,-,-,-,-,-,-,SCV002242945|SCV006558652|SCV007635990,-,-
1159771,single nucleotide variant,NM_002444.3(MSN):c.1345-8C>T,4478,MSN,HGNC:7373,Benign,0,"Jan 21, 2026",187378833,-,RCV001516505|RCV003908841,MedGen:C3661900|,not provided|MSN-related disorder,germline,germline,GRCh37,NC_000023.10,X,64958824,64958824,na,na,Xq12,"criteria provided, single submitter",2,-,N,ClinGen:CA10434667,2,1167371,64958824,C,T,-,-,-,-,-,-,SCV001724798,-,-
4800853,single nucleotide variant,NM_001173990.3(TMEM216):c.-69G>A,51259,TMEM216,HGNC:25018,Pathogenic,1,"Jan 14, 2026",-1,-,RCV006460892,"MONDO:MONDO:0015369,MedGen:C5679612,Orphanet:140874",Joubert syndrome and related disorders,germline,germline,GRCh37,NC_000011.9,11,61160035,61160035,na,na,11q12.2,"criteria provided, single submitter",1,-,N,-,2,4689395,61160035,G,A,-,-,-,-,-,-,SCV007344069,-,-
1523506,single nucleotide variant,NM_001326411.2(PISD):c.149C>T (p.Ala50Val),23761,PISD,HGNC:8999,Benign,0,"Jan 27, 2026",143668627,-,RCV002127337,MedGen:C3661900,not provided,germline,germline,GRCh37,NC_000022.10,22,32044259,32044259,na,na,22q12.2,"criteria provided, single submitter",1,-,N,ClinGen:CA10194997,2,1601560,32044259,G,A,-,-,-,-,-,-,SCV002410706,-,-
414256,single nucleotide variant,NM_001204.7(BMPR2):c.1171G>A (p.Ala391Thr),659,BMPR2,HGNC:1078,Pathogenic,1,"Apr 09, 2026",1085307308,-,RCV000488515|RCV004777690,"MONDO:MONDO:0024533,MedGen:C4552070,OMIM:178600,Orphanet:422|Human Phenotype Ontology:HP:0002092,Human Phenotype Ontology:HP:0006546,MONDO:MONDO:0015924,MeSH:D000081029,MedGen:C2973725,Orphanet:182090","Pulmonary hypertension, primary, 1|Pulmonary arterial hypertension",germline,germline,GRCh37,NC_000002.11,2,203397350,203397350,na,na,2q33.2,reviewed by expert panel,2,-,N,ClinGen:CA350341771,2,425888,203397350,G,A,-,-,-,-,-,-,SCV005393846,-,-
565687,Duplication,NM_001242.5(CD27):c.239dup (p.His80fs),939,CD27,HGNC:11922,Pathogenic,1,"Jan 05, 2026",748418658,-,RCV000701415,"MONDO:MONDO:0014054,MedGen:C3554540,OMIM:615122,Orphanet:238505",Lymphoproliferative syndrome 2,germline,germline,GRCh37,NC_000012.11,12,6554691,6554692,na,na,12p13.31,"criteria provided, single submitter",1,-,N,ClinGen:CA6406910,2,578414,6554691,C,CA,-,-,-,-,-,-,SCV000830216,-,-
101855,single nucleotide variant,NM_206926.2(SELENON):c.1404C>A (p.Asn468Lys),57190,SELENON,HGNC:15999,Benign,0,"Feb 04, 2026",2294228,-,RCV000082012|RCV000299948|RCV000604869|RCV000992919,"MedGen:CN169374|MedGen:CN239420|MONDO:MONDO:0011271,MedGen:C0410180,OMIM:602771|MedGen:C3661900",not specified|SEPN1-related disorder|Eichsfeld type congenital muscular dystrophy|not provided,germline;unknown,germline,GRCh37,NC_000001.10,1,26140573,26140573,na,na,1p36.11,"criteria provided, multiple submitters, no conflicts",16,-,N,"ClinGen:CA149074,UniProtKB:Q9NZV5#VAR_038847",2,95959,26140573,C,A,-,-,-,-,-,-,SCV000113947|SCV000152698|SCV000269803|SCV000313551|SCV000357109|SCV000516159|SCV001135221|SCV001145518|SCV001721344|SCV002054769|SCV005282184|SCV007323511,-,-
349532,single nucleotide variant,NM_000215.4(JAK3):c.1453C>T (p.Leu485=),3718,JAK3,HGNC:6193,Benign,0,"Jan 28, 2026",55883965,-,RCV000388714,"MONDO:MONDO:0010938,MedGen:C1833275,OMIM:600802,Orphanet:35078",T-B+ severe combined immunodeficiency due to JAK3 deficiency,germline,germline,GRCh37,NC_000019.9,19,17949188,17949188,na,na,19p13.11,"criteria provided, multiple submitters, no conflicts",2,-,N,ClinGen:CA9301874,2,328517,17949188,G,A,-,-,-,-,-,-,SCV000411120|SCV001722005,-,-
102012,single nucleotide variant,NM_024312.5(GNPTAB):c.18G>A (p.Leu6=),79158,GNPTAB,HGNC:29670,Benign,0,"Feb 04, 2026",4764655,-,RCV000082188|RCV000313186|RCV000365527|RCV000588036|RCV001511039,"MedGen:CN169374|MONDO:MONDO:0009650,MedGen:C2673377,OMIM:252500,Orphanet:576|MONDO:MONDO:0018931,MedGen:C0033788,OMIM:252600,Orphanet:423461,Orphanet:577|MedGen:C3661900|MONDO:MONDO:0009650,MedGen:C2673377,OMIM:252500,Orphanet:576;MONDO:MONDO:0018931,MedGen:C0033788,OMIM:252600,Orphanet:423461,Orphanet:577",not specified|Mucolipidosis type II|Pseudo-Hurler polydystrophy|not provided|Mucolipidosis type II;Pseudo-Hurler polydystrophy,germline;unknown,germline,GRCh37,NC_000012.11,12,102224436,102224436,na,na,12q23.2,"criteria provided, multiple submitters, no conflicts",10,-,N,ClinGen:CA149252,2,96118,102224436,C,T,-,-,-,-,-,-,SCV000114134|SCV000314275|SCV000375463|SCV000375464|SCV000699474|SCV001718215|SCV001749165|SCV001749166|SCV001938760|SCV005235022,-,-
4910185,single nucleotide variant,NM_000163.5(GHR):c.3G>A (p.Met1Ile),2690,GHR,HGNC:4263,Pathogenic,1,"Jan 25, 2026",-1,-,RCV006623552,MedGen:C3661900,not provided,germline,germline,GRCh37,NC_000005.9,5,42565979,42565979,na,na,5p12,"criteria provided, single submitter",1,-,N,-,2,4805496,42565979,G,A,-,-,-,-,-,-,SCV007507661,-,-
1158817,single nucleotide variant,NM_139321.3(ATRN):c.287C>T (p.Ala96Val),8455,ATRN,HGNC:885,Benign,0,"Feb 01, 2026",75653676,-,RCV001514511,MedGen:C3661900,not provided,germline,germline,GRCh37,NC_000020.10,20,3452041,3452041,na,na,20p13,"criteria provided, multiple submitters, no conflicts",2,-,N,ClinGen:CA9743779,2,1166362,3452041,C,T,-,-,-,-,-,-,SCV001722374|SCV005309392,-,-
39959,single nucleotide variant,NM_025099.6(CTC1):c.1994T>G (p.Val665Gly),80169,CTC1,HGNC:26169,Pathogenic,1,"Jan 09, 2026",199473676,-,RCV000023993|RCV003227608|RCV005089310,"MONDO:MONDO:0024564,MedGen:C4552029,OMIM:612199,Orphanet:313838|MedGen:C3661900|MONDO:MONDO:0015780,MedGen:C0265965,OMIM:PS127550,Orphanet:1775",Cerebroretinal microangiopathy with calcifications and cysts 1|not provided|Dyskeratosis congenita,germline,germline,GRCh37,NC_000017.10,17,8135745,8135745,na,na,17p13.1,"criteria provided, multiple submitters, no conflicts",5,-,N,"ClinGen:CA129614,UniProtKB:Q2NKJ3#VAR_067372,OMIM:613129.0006",3,31002,8135745,A,C,-,-,-,-,-,-,SCV003844293|SCV003924725|SCV005652898|SCV005773627,-,-
4964575,Deletion,NM_001077415.3(CRELD1):c.189del (p.Ile64fs),78987,CRELD1,HGNC:14630,Pathogenic,1,"May 01, 2026",-1,-,RCV006702760,"MONDO:MONDO:0958329,MedGen:C5935596,OMIM:620771",Jeffries-Lakhani neurodevelopmental syndrome,germline,germline,GRCh37,NC_000003.11,3,9976532,9976532,na,na,3p25.3,"criteria provided, single submitter",1,-,N,-,2,4853633,9976531,AC,A,-,-,-,-,-,-,SCV007605523,-,-
3886920,single nucleotide variant,NM_002862.4(PYGB):c.2377C>T (p.Arg793Trp),5834,PYGB,HGNC:9723,Benign,0,"Feb 01, 2026",-1,-,RCV005244580,MedGen:C3661900,not provided,germline,germline,GRCh37,NC_000020.10,20,25276304,25276304,na,na,20p11.21,"criteria provided, single submitter",1,-,N,-,2,3770769,25276304,C,T,-,-,-,-,-,-,SCV005893786,-,-
704434,single nucleotide variant,NM_001256071.3(RNF213):c.4146T>G (p.Thr1382=),57674,RNF213,HGNC:14539,Benign,0,"Jan 29, 2026",76985739,-,RCV000949015|RCV006442142,MedGen:C3661900|MedGen:CN169374,not provided|not specified,germline,germline,GRCh37,NC_000017.10,17,78307907,78307907,na,na,17q25.3,"criteria provided, multiple submitters, no conflicts",4,-,N,ClinGen:CA8820227,2,769930,78307907,T,G,-,-,-,-,-,-,SCV001095244|SCV001867379|SCV005251872|SCV007314591,-,-
4967658,Deletion,NM_000059.4(BRCA2):c.147del (p.Glu49fs),675,BRCA2,HGNC:1101,Pathogenic,1,"Feb 03, 2026",-1,-,RCV006708058,"MONDO:MONDO:0012933,MedGen:C2675520,OMIM:612555,Orphanet:145","Breast-ovarian cancer, familial, susceptibility to, 2",unknown,unknown,GRCh37,NC_000013.10,13,32893292,32893292,na,na,13q13.1,"criteria provided, single submitter",1,"ACMG2013,ACMG2016,ACMG2021,ACMG2022",N,-,2,4856734,32893291,GA,G,-,-,-,-,-,-,SCV007612822,-,-
372289,single nucleotide variant,NM_152713.5(STT3A):c.1911C>T (p.Cys637=),3703,STT3A,HGNC:6172,Benign,0,"Feb 01, 2026",17140116,-,RCV000419405|RCV001515135,MedGen:CN169374|MedGen:C3661900,not specified|not provided,germline,germline,GRCh37,NC_000011.9,11,125488404,125488404,na,na,11q24.2,"criteria provided, multiple submitters, no conflicts",4,-,N,ClinGen:CA6349176,2,380017,125488404,C,T,-,-,-,-,-,-,SCV000517668|SCV001723138|SCV005231109|SCV007308953,-,-
1158563,single nucleotide variant,NM_004706.4(ARHGEF1):c.1434G>A (p.Leu478=),9138,ARHGEF1,HGNC:681,Benign,0,"Jan 23, 2026",35481465,-,RCV001512092|RCV003966070,MedGen:C3661900|,not provided|ARHGEF1-related disorder,germline,germline,GRCh37,NC_000019.9,19,42406443,42406443,na,na,19q13.2,"criteria provided, multiple submitters, no conflicts",3,-,N,ClinGen:CA9466374,2,1165199,42406443,G,A,-,-,-,-,-,-,SCV001719438|SCV005307497,-,-
101894,Microsatellite,NM_021072.4(HCN1):c.192TGGCGGCGG[1] (p.Gly72_Gly74del),348980,HCN1,HGNC:4845,Benign,0,"Feb 03, 2026",56064803,-,RCV000082059|RCV000711880|RCV002311699|RCV006461448,"MedGen:CN169374|MedGen:C3661900|MeSH:D030342,MedGen:C0950123|MONDO:MONDO:0800491,MedGen:C0393706,Orphanet:1934",not specified|not provided|Inborn genetic diseases|Early-infantile DEE,germline,germline,GRCh37,NC_000005.9,5,45695987,45695995,na,na,5p12,"criteria provided, multiple submitters, no conflicts",6,-,N,ClinGen:CA149128,2,95999,45695986,GCCGCCGCCA,G,-,-,-,-,-,-,SCV000113998|SCV000290580|SCV000842291|SCV000846238|SCV001870925|SCV007323007,-,-
1155537,Microsatellite,NM_021620.4(PRDM13):c.1116GCC[7] (p.Pro378dup),59336,PRDM13,HGNC:13998,Benign,0,"Feb 03, 2026",112674667,-,RCV001511805|RCV004815540,"MedGen:C3661900|Human Phenotype Ontology:HP:0000556,Human Phenotype Ontology:HP:0007736,Human Phenotype Ontology:HP:0007910,Human Phenotype Ontology:HP:0007974,Human Phenotype Ontology:HP:0007982,MONDO:MONDO:0019118,MeSH:D058499,MedGen:C0854723,Orphanet:71862",not provided|Retinal dystrophy,germline,germline,GRCh37,NC_000006.11,6,100061624,100061625,na,na,6q16.2,"criteria provided, single submitter",2,-,N,ClinGen:CA3936318,2,1165053,100061624,C,CCCG,-,-,-,-,-,-,SCV001719109,-,-
4986059,Deletion,NM_000082.4(ERCC8):c.607del (p.Ala203fs),1161,ERCC8,HGNC:3439,Pathogenic,1,"Apr 01, 2026",-1,-,RCV006731377,MedGen:C3661900,not provided,germline,germline,GRCh37,NC_000005.9,5,60198279,60198279,na,na,5q12.1,"criteria provided, single submitter",1,-,N,-,2,4874578,60198278,GC,G,-,-,-,-,-,-,SCV007640740,-,-
4855734,Deletion,NM_173560.4(RFX6):c.2037del (p.Thr680fs),222546,RFX6,HGNC:21478,Pathogenic,1,"Jan 20, 2026",-1,-,RCV006533461,MedGen:C3661900,not provided,germline,germline,GRCh37,NC_000006.11,6,117248340,117248340,na,na,6q22.1,"criteria provided, single submitter",1,-,N,-,2,4744824,117248339,TC,T,-,-,-,-,-,-,SCV007414659,-,-
20116,single nucleotide variant,NM_021615.5(CHST6):c.329A>G (p.Tyr110Cys),4166,CHST6,HGNC:6938,Pathogenic,1,"Jan 16, 2026",72547544,-,RCV000005382,"MONDO:MONDO:0009020,MedGen:C1636149,OMIM:217800,Orphanet:98969",Macular corneal dystrophy,germline,germline,GRCh37,NC_000016.9,16,75513398,75513398,na,na,16q23.1,"criteria provided, single submitter",2,-,N,"ClinGen:CA250521,UniProtKB:Q9GZX3#VAR_021439,OMIM:605294.0007",3,5077,75513398,T,C,-,-,-,-,-,-,SCV007375376,-,-
254029,single nucleotide variant,NM_152722.5(HEPACAM):c.363G>A (p.Glu121=),220296,HEPACAM,HGNC:26361,Benign,0,"Feb 01, 2026",112686308,-,RCV000247316|RCV000403502|RCV001520638,"MedGen:CN169374|MONDO:MONDO:0011391,MedGen:C1858854,Orphanet:2478|MedGen:C3661900",not specified|Megalencephalic leukoencephalopathy with subcortical cysts|not provided,germline,germline,GRCh37,NC_000011.9,11,124794688,124794688,na,na,11q24.2,"criteria provided, multiple submitters, no conflicts",6,-,N,ClinGen:CA6345763,2,262678,124794688,C,T,-,-,-,-,-,-,SCV000316233|SCV000368549|SCV001729792|SCV001835186|SCV005231068|SCV007301047,-,-
1156902,single nucleotide variant,NM_001082538.3(TCTN1):c.341+11G>A,79600,TCTN1,HGNC:26113,Benign,0,"Feb 02, 2026",188296885,-,RCV001522313,"MONDO:MONDO:0018772,MedGen:C5979921,OMIM:PS213300,Orphanet:475;MONDO:MONDO:0018921,MedGen:C0265215,OMIM:PS249000,Orphanet:564",Joubert syndrome;Meckel-Gruber syndrome,germline,germline,GRCh37,NC_000012.11,12,111057772,111057772,na,na,12q24.11,"criteria provided, single submitter",1,-,N,ClinGen:CA6786529,2,1170191,111057772,G,A,-,-,-,-,-,-,SCV001731829,-,-
2025785,single nucleotide variant,NM_014975.3(MAST1):c.1367-15T>C,22983,MAST1,HGNC:19034,Benign,0,"Feb 01, 2026",7256794,-,RCV002735661,MedGen:C3661900,not provided,germline,germline,GRCh37,NC_000019.9,19,12975608,12975608,na,na,19p13.13,"criteria provided, single submitter",1,-,N,ClinGen:CA9232892,2,1970945,12975608,T,C,-,-,-,-,-,-,SCV003011365,-,-
4934135,Deletion,NM_006147.4(IRF6):c.450_459del (p.Asp151fs),3664,IRF6,HGNC:6121,Pathogenic,1,"Jan 01, 2026",-1,-,RCV006654484,MedGen:C3661900,not provided,germline,germline,GRCh37,NC_000001.10,1,209968684,209968693,na,na,1q32.2,"criteria provided, single submitter",1,-,N,-,2,4823042,209968683,GCGACTGATCC,G,-,-,-,-,-,-,SCV007544996,-,-
3132845,single nucleotide variant,NM_176787.5(PIGN):c.895C>T (p.Gln299Ter),23556,PIGN,HGNC:8967,Pathogenic,1,"Feb 25, 2026",1476863555,-,RCV003838008|RCV006698531,"MONDO:MONDO:0013563,MedGen:C3279775,OMIM:614080,Orphanet:280633|MedGen:C3661900",Multiple congenital anomalies-hypotonia-seizures syndrome 1|not provided,germline,germline,GRCh37,NC_000018.9,18,59813169,59813169,na,na,18q21.33,"criteria provided, multiple submitters, no conflicts",2,-,N,ClinGen:CA402601039,2,2972898,59813169,G,A,-,-,-,-,-,-,SCV004631128|SCV007600084,-,-
182930,Duplication,NM_000077.5(CDKN2A):c.335_337dup (p.Arg112dup),1029,CDKN2A,HGNC:1787,Pathogenic,1,"Jan 05, 2026",768966657,-,RCV000162477|RCV000232355|RCV000237004|RCV003474844,"MONDO:MONDO:0015356,MeSH:D009386,MedGen:C0027672,Orphanet:140162|MONDO:MONDO:0018961,MedGen:C1512419,Orphanet:618|MedGen:C3661900|MONDO:MONDO:0007967,MedGen:C1835042,OMIM:155755,Orphanet:252206",Hereditary cancer-predisposing syndrome|Familial melanoma|not provided|Melanoma and neural system tumor syndrome,germline;unknown,germline,GRCh37,NC_000009.11,9,21971020,21971021,na,na,9p21.3,"criteria provided, multiple submitters, no conflicts",7,-,N,ClinGen:CA186348,2,183759,21971020,A,AGAC,-,-,-,-,-,-,SCV000212850|SCV000283443|SCV000292539|SCV001349019|SCV004212529|SCV004234501|SCV005199663,-,-
442171,single nucleotide variant,NM_000435.3(NOTCH3):c.421C>T (p.Arg141Cys),4854,NOTCH3,HGNC:7883,Pathogenic,1,"Apr 30, 2026",1174625611,-,RCV000518361|RCV001089753|RCV002497000|RCV004537854,"MedGen:C3661900|MONDO:MONDO:0000914,MedGen:C4551768,OMIM:125310,Orphanet:136|MONDO:MONDO:0007537,MedGen:C1851710,OMIM:130720,Orphanet:2789;MONDO:MONDO:0014122,MedGen:C3809084,OMIM:615293,Orphanet:2591;MONDO:MONDO:0000914,MedGen:C4551768,OMIM:125310,Orphanet:136|","not provided|Cerebral arteriopathy, autosomal dominant, with subcortical infarcts and leukoencephalopathy, type 1|Lateral meningocele syndrome;Myofibromatosis, infantile, 2;Cerebral arteriopathy, autosomal dominant, with subcortical infarcts and leukoencephalopathy, type 1|NOTCH3-related disorder",germline;unknown,germline,GRCh37,NC_000019.9,19,15303029,15303029,na,na,19p13.12,"criteria provided, multiple submitters, no conflicts",15,-,N,ClinGen:CA404534145,2,447846,15303029,G,A,-,-,-,-,-,-,SCV000614299|SCV001160072|SCV001793803|SCV002059059|SCV002212839|SCV002498447|SCV002580612|SCV002811110|SCV004225216|SCV005197010|SCV005418719|SCV007120646|SCV007614214,-,-
1457753,Deletion,NM_001042492.3(NF1):c.7632del (p.Phe2544fs),4763,NF1,HGNC:7765,Pathogenic,1,"Jun 08, 2026",2151581029,-,RCV001949944|RCV006713921,"MONDO:MONDO:0018975,MedGen:C0027831,OMIM:162200,Orphanet:636|MONDO:MONDO:0015356,MeSH:D009386,MedGen:C0027672,Orphanet:140162;MedGen:CN230736","Neurofibromatosis, type 1|Hereditary cancer-predisposing syndrome;Cardiovascular phenotype",germline,germline,GRCh37,NC_000017.10,17,29683491,29683491,na,na,17q11.2,"criteria provided, multiple submitters, no conflicts",2,-,N,ClinGen:CA2573153863,2,1428789,29683490,GT,G,-,-,-,-,-,-,SCV002199940|SCV007622005,-,-
714022,single nucleotide variant,NM_152328.5(ADSS1):c.768C>T (p.Asn256=),122622,ADSS1,HGNC:20093,Benign,0,"Feb 01, 2026",138449071,-,RCV000970481,MedGen:C3661900,not provided,germline,germline,GRCh37,NC_000014.8,14,105207555,105207555,na,na,14q32.33,"criteria provided, multiple submitters, no conflicts",2,-,N,ClinGen:CA7373838,2,788121,105207555,C,T,-,-,-,-,-,-,SCV001118059|SCV005296703,-,-
4962479,Deletion,NM_001113498.3(MDGA2):c.1172del (p.Lys391fs),161357,MDGA2,HGNC:19835,Pathogenic,1,"May 26, 2026",-1,-,RCV006697931,"MedGen:CN381647,OMIM:621608",DEVELOPMENTAL AND EPILEPTIC ENCEPHALOPATHY 122,germline,germline,GRCh37,NC_000014.8,14,47566080,47566080,na,na,14q21.3,no assertion criteria provided,1,-,N,OMIM:611128.0006,1,4851531,47566079,CT,C,-,-,-,-,-,-,SCV007596853,-,-
508803,single nucleotide variant,NM_005921.2(MAP3K1):c.1284G>A (p.Thr428=),4214,MAP3K1,HGNC:6848,Benign,0,"Feb 03, 2026",832575,-,RCV000615554|RCV001712714,"MONDO:MONDO:0013410,MedGen:C3151064,OMIM:613762|MedGen:C3661900","46,XY sex reversal 6|not provided",germline,germline,GRCh37,NC_000005.9,5,56161787,56161787,na,na,5q11.2,"criteria provided, multiple submitters, no conflicts",6,-,N,ClinGen:CA3272733,2,518363,56161787,G,A,-,-,-,-,-,-,SCV000743220|SCV000744337|SCV001726228|SCV001945699|SCV005301118,-,-
1156682,single nucleotide variant,NM_000218.3(KCNQ1):c.477+3521G>A,3784,KCNQ1,HGNC:6294,Benign,0,"Jan 15, 2026",11823023,-,RCV001511442,"MONDO:MONDO:0002442,MeSH:D008133,MedGen:C0023976",Long QT syndrome,germline,germline,GRCh37,NC_000011.9,11,2552769,2552769,na,na,11p15.5,"criteria provided, single submitter",1,"ACMG2013,ACMG2016,ACMG2021,ACMG2022",N,ClinGen:CA13476359,2,1164891,2552769,G,A,-,-,-,-,-,-,SCV001718685,-,-
655619,single nucleotide variant,NM_138773.4(SLC25A46):c.346T>C (p.Leu116=),91137,SLC25A46,HGNC:25198,Benign,0,"Feb 04, 2026",17446534,-,RCV000830584|RCV001516017|RCV006448627,"MedGen:C3661900|MONDO:MONDO:0014671,MedGen:C4225302,OMIM:616505|MedGen:CN169374","not provided|Neuropathy, hereditary motor and sensory, type 6B|not specified",germline,germline,GRCh37,NC_000005.9,5,110079450,110079450,na,na,5q22.1,"criteria provided, multiple submitters, no conflicts",3,-,N,ClinGen:CA3364562,2,671399,110079450,T,C,-,-,-,-,-,-,SCV000972319|SCV001724217|SCV007325978,-,-
4875177,Duplication,NM_015072.5(TTLL5):c.566dup (p.Val190fs),23093,TTLL5,HGNC:19963,Pathogenic,1,"Jan 04, 2026",-1,-,RCV006586159,MedGen:C3661900,not provided,germline,germline,GRCh37,NC_000014.8,14,76165590,76165591,na,na,14q24.3,"criteria provided, single submitter",1,-,N,-,2,4764321,76165590,C,CG,-,-,-,-,-,-,SCV007455628,-,-
4961884,single nucleotide variant,NM_001146312.3(MYOCD):c.919C>T (p.Gln307Ter),93649,MYOCD,HGNC:16067,Pathogenic,1,"May 01, 2026",-1,-,RCV006696941,"MONDO:MONDO:0032879,MedGen:C5231472,OMIM:618719","Megabladder, congenital",germline,germline,GRCh37,NC_000017.10,17,12647701,12647701,na,na,17p12,"criteria provided, single submitter",1,-,N,-,2,4850869,12647701,C,T,-,-,-,-,-,-,SCV007595812,-,-
711923,single nucleotide variant,NM_001375567.1(FOCAD):c.3546G>A (p.Thr1182=),54914,FOCAD,HGNC:23377,Benign,0,"Feb 02, 2026",59290932,-,RCV000971288|RCV003972917,MedGen:C3661900|,not provided|FOCAD-related disorder,germline,germline,GRCh37,NC_000009.11,9,20944764,20944764,na,na,9p21.3,"criteria provided, multiple submitters, no conflicts",4,-,N,ClinGen:CA5007588,2,788792,20944764,G,A,-,-,-,-,-,-,SCV001118925|SCV001909989|SCV005269881,-,-
702255,single nucleotide variant,NM_004963.4(GUCY2C):c.2891T>C (p.Val964Ala),2984,GUCY2C,HGNC:4688,Benign,0,"Jan 22, 2026",148548970,-,RCV000955442|RCV003926025,MedGen:C3661900|,not provided|GUCY2C-related disorder,germline,germline,GRCh37,NC_000012.11,12,14769646,14769646,na,na,12p12.3,"criteria provided, multiple submitters, no conflicts",3,-,N,ClinGen:CA6462940,2,775307,14769646,A,G,-,-,-,-,-,-,SCV001102150|SCV005233686,-,-
4967735,single nucleotide variant,NM_000027.4(AGA):c.409C>T (p.Gln137Ter),175,AGA,HGNC:318,Pathogenic,1,"Jun 04, 2026",-1,-,RCV006708122,"Human Phenotype Ontology:HP:0012068,MONDO:MONDO:0008830,MedGen:C0268225,OMIM:208400,Orphanet:93",Aspartylglucosaminuria,unknown,unknown,GRCh37,NC_000004.11,4,178359997,178359997,na,na,4q34.3,"criteria provided, single submitter",1,-,N,-,2,4856811,178359997,G,A,-,-,-,-,-,-,SCV007602671,-,-
4854359,Deletion,NM_001048174.2(MUTYH):c.468del (p.Arg157fs),4595,MUTYH,HGNC:7527,Pathogenic,1,"Jan 06, 2026",-1,-,RCV006517248,"MONDO:MONDO:0012041,MedGen:C3272841,OMIM:608456,Orphanet:220460,Orphanet:247798",Familial adenomatous polyposis 2,germline,germline,GRCh37,NC_000001.10,1,45798459,45798459,na,na,1p34.1,"criteria provided, single submitter",1,"ACMG2013,ACMG2016,ACMG2021,ACMG2022",N,-,2,4739517,45798458,GC,G,-,-,-,-,-,-,SCV007408842,-,-
252703,single nucleotide variant,NM_001277115.2(DNAH11):c.5359T>C (p.Leu1787=),8701,DNAH11,HGNC:2942,Benign,0,"Feb 01, 2026",75932225,-,RCV000245700|RCV000322077,"MedGen:CN169374|Human Phenotype Ontology:HP:0012265,MONDO:MONDO:0016575,MedGen:C0008780,OMIM:PS244400,Orphanet:244",not specified|Primary ciliary dyskinesia,germline,germline,GRCh37,NC_000007.13,7,21721194,21721194,na,na,7p15.3,"criteria provided, multiple submitters, no conflicts",2,-,N,ClinGen:CA4180384,2,257906,21721194,T,C,-,-,-,-,-,-,SCV000307532|SCV000561957,-,-
